DATE,CPI
1/3/2014,102.3
2/3/2014,102.3
3/3/2014,102.3
4/3/2014,102.3
5/3/2014,102.3
6/3/2014,102.3
7/3/2014,102.3
8/3/2014,102.3
9/3/2014,102.3
10/3/2014,102.4
11/3/2014,102.4
12/3/2014,102.4
13/3/2014,102.4
14/3/2014,102.4
15/3/2014,102.4
16/3/2014,102.4
17/3/2014,102.4
18/3/2014,102.4
19/3/2014,102.4
20/3/2014,102.4
21/3/2014,102.4
22/3/2014,102.4
23/3/2014,102.4
24/3/2014,102.4
25/3/2014,102.4
26/3/2014,102.4
27/3/2014,102.5
28/3/2014,102.5
29/3/2014,102.5
30/3/2014,102.5
31/3/2014,102.5
1/4/2014,102.5
2/4/2014,102.5
3/4/2014,102.5
4/4/2014,102.5
5/4/2014,102.5
6/4/2014,102.5
7/4/2014,102.5
8/4/2014,102.5
9/4/2014,102.5
10/4/2014,102.5
11/4/2014,102.5
12/4/2014,102.5
13/4/2014,102.5
14/4/2014,102.6
15/4/2014,102.6
16/4/2014,102.6
17/4/2014,102.6
18/4/2014,102.6
19/4/2014,102.6
20/4/2014,102.6
21/4/2014,102.6
22/4/2014,102.6
23/4/2014,102.6
24/4/2014,102.6
25/4/2014,102.6
26/4/2014,102.6
27/4/2014,102.6
28/4/2014,102.6
29/4/2014,102.6
30/4/2014,102.6
1/5/2014,102.7
2/5/2014,102.7
3/5/2014,102.7
4/5/2014,102.7
5/5/2014,102.7
6/5/2014,102.7
7/5/2014,102.7
8/5/2014,102.7
9/5/2014,102.7
10/5/2014,102.7
11/5/2014,102.7
12/5/2014,102.7
13/5/2014,102.7
14/5/2014,102.7
15/5/2014,102.7
16/5/2014,102.7
17/5/2014,102.7
18/5/2014,102.8
19/5/2014,102.8
20/5/2014,102.8
21/5/2014,102.8
22/5/2014,102.8
23/5/2014,102.8
24/5/2014,102.8
25/5/2014,102.8
26/5/2014,102.8
27/5/2014,102.8
28/5/2014,102.8
29/5/2014,102.8
30/5/2014,102.8
31/5/2014,102.8
1/6/2014,102.8
2/6/2014,102.8
3/6/2014,102.8
4/6/2014,102.9
5/6/2014,102.9
6/6/2014,102.9
7/6/2014,102.9
8/6/2014,102.9
9/6/2014,102.9
10/6/2014,102.9
11/6/2014,102.9
12/6/2014,102.9
13/6/2014,102.9
14/6/2014,102.9
15/6/2014,102.9
16/6/2014,102.9
17/6/2014,102.9
18/6/2014,102.9
19/6/2014,102.9
20/6/2014,102.9
21/6/2014,102.9
22/6/2014,103
23/6/2014,103
24/6/2014,103
25/6/2014,103
26/6/2014,103
27/6/2014,103
28/6/2014,103
29/6/2014,103
30/6/2014,103
1/7/2014,103
2/7/2014,103
3/7/2014,103
4/7/2014,103
5/7/2014,103
6/7/2014,103
7/7/2014,103
8/7/2014,103
9/7/2014,103.1
10/7/2014,103.1
11/7/2014,103.1
12/7/2014,103.1
13/7/2014,103.1
14/7/2014,103.1
15/7/2014,103.1
16/7/2014,103.1
17/7/2014,103.1
18/7/2014,103.1
19/7/2014,103.1
20/7/2014,103.1
21/7/2014,103.1
22/7/2014,103.1
23/7/2014,103.1
24/7/2014,103.1
25/7/2014,103.1
26/7/2014,103.2
27/7/2014,103.2
28/7/2014,103.2
29/7/2014,103.2
30/7/2014,103.2
31/7/2014,103.2
1/8/2014,103.2
2/8/2014,103.2
3/8/2014,103.2
4/8/2014,103.2
5/8/2014,103.2
6/8/2014,103.2
7/8/2014,103.2
8/8/2014,103.2
9/8/2014,103.2
10/8/2014,103.2
11/8/2014,103.2
12/8/2014,103.3
13/8/2014,103.3
14/8/2014,103.3
15/8/2014,103.3
16/8/2014,103.3
17/8/2014,103.3
18/8/2014,103.3
19/8/2014,103.3
20/8/2014,103.3
21/8/2014,103.3
22/8/2014,103.3
23/8/2014,103.3
24/8/2014,103.3
25/8/2014,103.3
26/8/2014,103.3
27/8/2014,103.3
28/8/2014,103.3
29/8/2014,103.4
30/8/2014,103.4
31/8/2014,103.4
1/9/2014,103.4
2/9/2014,103.4
3/9/2014,103.4
4/9/2014,103.4
5/9/2014,103.4
6/9/2014,103.4
7/9/2014,103.4
8/9/2014,103.4
9/9/2014,103.4
10/9/2014,103.4
11/9/2014,103.4
12/9/2014,103.4
13/9/2014,103.4
14/9/2014,103.4
15/9/2014,103.4
16/9/2014,103.5
17/9/2014,103.5
18/9/2014,103.5
19/9/2014,103.5
20/9/2014,103.5
21/9/2014,103.5
22/9/2014,103.5
23/9/2014,103.5
24/9/2014,103.5
25/9/2014,103.5
26/9/2014,103.5
27/9/2014,103.5
28/9/2014,103.5
29/9/2014,103.5
30/9/2014,103.5
1/10/2014,103.5
2/10/2014,103.5
3/10/2014,103.6
4/10/2014,103.6
5/10/2014,103.6
6/10/2014,103.6
7/10/2014,103.6
8/10/2014,103.6
9/10/2014,103.6
10/10/2014,103.6
11/10/2014,103.6
12/10/2014,103.6
13/10/2014,103.6
14/10/2014,103.6
15/10/2014,103.6
16/10/2014,103.6
17/10/2014,103.6
18/10/2014,103.6
19/10/2014,103.6
20/10/2014,103.7
21/10/2014,103.7
22/10/2014,103.7
23/10/2014,103.7
24/10/2014,103.7
25/10/2014,103.7
26/10/2014,103.7
27/10/2014,103.7
28/10/2014,103.7
29/10/2014,103.7
30/10/2014,103.7
31/10/2014,103.7
1/11/2014,103.7
2/11/2014,103.7
3/11/2014,103.7
4/11/2014,103.7
5/11/2014,103.7
6/11/2014,103.8
7/11/2014,103.8
8/11/2014,103.8
9/11/2014,103.8
10/11/2014,103.8
11/11/2014,103.8
12/11/2014,103.8
13/11/2014,103.8
14/11/2014,103.8
15/11/2014,103.8
16/11/2014,103.8
17/11/2014,103.8
18/11/2014,103.8
19/11/2014,103.8
20/11/2014,103.8
21/11/2014,103.8
22/11/2014,103.8
23/11/2014,103.8
24/11/2014,103.9
25/11/2014,103.9
26/11/2014,103.9
27/11/2014,103.9
28/11/2014,103.9
29/11/2014,103.9
30/11/2014,103.9
1/12/2014,103.9
2/12/2014,103.9
3/12/2014,103.9
4/12/2014,103.9
5/12/2014,103.9
6/12/2014,103.9
7/12/2014,103.9
8/12/2014,103.9
9/12/2014,103.9
10/12/2014,103.9
11/12/2014,104
12/12/2014,104
13/12/2014,104
14/12/2014,104
15/12/2014,104
16/12/2014,104
17/12/2014,104
18/12/2014,104
19/12/2014,104
20/12/2014,104
21/12/2014,104
22/12/2014,104
23/12/2014,104
24/12/2014,104
25/12/2014,104
26/12/2014,104
27/12/2014,104
28/12/2014,104.1
29/12/2014,104.1
30/12/2014,104.1
31/12/2014,104.1
1/1/2015,104.1
2/1/2015,104.1
3/1/2015,104.1
4/1/2015,104.1
5/1/2015,104.1
6/1/2015,104.1
7/1/2015,104.1
8/1/2015,104.1
9/1/2015,104.1
10/1/2015,104.1
11/1/2015,104.1
12/1/2015,104.1
13/1/2015,104.1
14/1/2015,104.2
15/1/2015,104.2
16/1/2015,104.2
17/1/2015,104.2
18/1/2015,104.2
19/1/2015,104.2
20/1/2015,104.2
21/1/2015,104.2
22/1/2015,104.2
23/1/2015,104.2
24/1/2015,104.2
25/1/2015,104.2
26/1/2015,104.2
27/1/2015,104.2
28/1/2015,104.2
29/1/2015,104.2
30/1/2015,104.2
31/1/2015,104.2
1/2/2015,104.3
2/2/2015,104.3
3/2/2015,104.3
4/2/2015,104.3
5/2/2015,104.3
6/2/2015,104.3
7/2/2015,104.3
8/2/2015,104.3
9/2/2015,104.3
10/2/2015,104.3
11/2/2015,104.3
12/2/2015,104.3
13/2/2015,104.3
14/2/2015,104.3
15/2/2015,104.3
16/2/2015,104.3
17/2/2015,104.3
18/2/2015,104.4
19/2/2015,104.4
20/2/2015,104.4
21/2/2015,104.4
22/2/2015,104.4
23/2/2015,104.4
24/2/2015,104.4
25/2/2015,104.4
26/2/2015,104.4
27/2/2015,104.4
28/2/2015,104.4
1/3/2015,104.4
2/3/2015,104.4
3/3/2015,104.4
4/3/2015,104.4
5/3/2015,104.4
6/3/2015,104.4
7/3/2015,104.5
8/3/2015,104.5
9/3/2015,104.5
10/3/2015,104.5
11/3/2015,104.5
12/3/2015,104.5
13/3/2015,104.5
14/3/2015,104.5
15/3/2015,104.5
16/3/2015,104.5
17/3/2015,104.5
18/3/2015,104.5
19/3/2015,104.5
20/3/2015,104.5
21/3/2015,104.5
22/3/2015,104.5
23/3/2015,104.5
24/3/2015,104.6
25/3/2015,104.6
26/3/2015,104.6
27/3/2015,104.6
28/3/2015,104.6
29/3/2015,104.6
30/3/2015,104.6
31/3/2015,104.6
1/4/2015,104.6
2/4/2015,104.6
3/4/2015,104.6
4/4/2015,104.6
5/4/2015,104.6
6/4/2015,104.6
7/4/2015,104.6
8/4/2015,104.6
9/4/2015,104.6
10/4/2015,104.7
11/4/2015,104.7
12/4/2015,104.7
13/4/2015,104.7
14/4/2015,104.7
15/4/2015,104.7
16/4/2015,104.7
17/4/2015,104.7
18/4/2015,104.7
19/4/2015,104.7
20/4/2015,104.7
21/4/2015,104.7
22/4/2015,104.7
23/4/2015,104.7
24/4/2015,104.7
25/4/2015,104.7
26/4/2015,104.7
27/4/2015,104.7
28/4/2015,104.8
29/4/2015,104.8
30/4/2015,104.8
1/5/2015,104.8
2/5/2015,104.8
3/5/2015,104.8
4/5/2015,104.8
5/5/2015,104.8
6/5/2015,104.8
7/5/2015,104.8
8/5/2015,104.8
9/5/2015,104.8
10/5/2015,104.8
11/5/2015,104.8
12/5/2015,104.8
13/5/2015,104.8
14/5/2015,104.8
15/5/2015,104.9
16/5/2015,104.9
17/5/2015,104.9
18/5/2015,104.9
19/5/2015,104.9
20/5/2015,104.9
21/5/2015,104.9
22/5/2015,104.9
23/5/2015,104.9
24/5/2015,104.9
25/5/2015,104.9
26/5/2015,104.9
27/5/2015,104.9
28/5/2015,104.9
29/5/2015,104.9
30/5/2015,104.9
31/5/2015,104.9
1/6/2015,105
2/6/2015,105
3/6/2015,105
4/6/2015,105
5/6/2015,105
6/6/2015,105
7/6/2015,105
8/6/2015,105
9/6/2015,105
10/6/2015,105
11/6/2015,105
12/6/2015,105
13/6/2015,105
14/6/2015,105
15/6/2015,105
16/6/2015,105
17/6/2015,105
18/6/2015,105.1
19/6/2015,105.1
20/6/2015,105.1
21/6/2015,105.1
22/6/2015,105.1
23/6/2015,105.1
24/6/2015,105.1
25/6/2015,105.1
26/6/2015,105.1
27/6/2015,105.1
28/6/2015,105.1
29/6/2015,105.1
30/6/2015,105.1
1/7/2015,105.1
2/7/2015,105.1
3/7/2015,105.1
4/7/2015,105.1
5/7/2015,105.1
6/7/2015,105.2
7/7/2015,105.2
8/7/2015,105.2
9/7/2015,105.2
10/7/2015,105.2
11/7/2015,105.2
12/7/2015,105.2
13/7/2015,105.2
14/7/2015,105.2
15/7/2015,105.2
16/7/2015,105.2
17/7/2015,105.2
18/7/2015,105.2
19/7/2015,105.2
20/7/2015,105.2
21/7/2015,105.2
22/7/2015,105.2
23/7/2015,105.3
24/7/2015,105.3
25/7/2015,105.3
26/7/2015,105.3
27/7/2015,105.3
28/7/2015,105.3
29/7/2015,105.3
30/7/2015,105.3
31/7/2015,105.3
1/8/2015,105.3
2/8/2015,105.3
3/8/2015,105.3
4/8/2015,105.3
5/8/2015,105.3
6/8/2015,105.3
7/8/2015,105.3
8/8/2015,105.3
9/8/2015,105.4
10/8/2015,105.4
11/8/2015,105.4
12/8/2015,105.4
13/8/2015,105.4
14/8/2015,105.4
15/8/2015,105.4
16/8/2015,105.4
17/8/2015,105.4
18/8/2015,105.4
19/8/2015,105.4
20/8/2015,105.4
21/8/2015,105.4
22/8/2015,105.4
23/8/2015,105.4
24/8/2015,105.4
25/8/2015,105.4
26/8/2015,105.5
27/8/2015,105.5
28/8/2015,105.5
29/8/2015,105.5
30/8/2015,105.5
31/8/2015,105.5
1/9/2015,105.5
2/9/2015,105.5
3/9/2015,105.5
4/9/2015,105.5
5/9/2015,105.5
6/9/2015,105.5
7/9/2015,105.5
8/9/2015,105.5
9/9/2015,105.5
10/9/2015,105.5
11/9/2015,105.5
12/9/2015,105.5
13/9/2015,105.6
14/9/2015,105.6
15/9/2015,105.6
16/9/2015,105.6
17/9/2015,105.6
18/9/2015,105.6
19/9/2015,105.6
20/9/2015,105.6
21/9/2015,105.6
22/9/2015,105.6
23/9/2015,105.6
24/9/2015,105.6
25/9/2015,105.6
26/9/2015,105.6
27/9/2015,105.6
28/9/2015,105.6
29/9/2015,105.6
30/9/2015,105.7
1/10/2015,105.7
2/10/2015,105.7
3/10/2015,105.7
4/10/2015,105.7
5/10/2015,105.7
6/10/2015,105.7
7/10/2015,105.7
8/10/2015,105.7
9/10/2015,105.7
10/10/2015,105.7
11/10/2015,105.7
12/10/2015,105.7
13/10/2015,105.7
14/10/2015,105.7
15/10/2015,105.7
16/10/2015,105.7
17/10/2015,105.8
18/10/2015,105.8
19/10/2015,105.8
20/10/2015,105.8
21/10/2015,105.8
22/10/2015,105.8
23/10/2015,105.8
24/10/2015,105.8
25/10/2015,105.8
26/10/2015,105.8
27/10/2015,105.8
28/10/2015,105.8
29/10/2015,105.8
30/10/2015,105.8
31/10/2015,105.8
1/11/2015,105.8
2/11/2015,105.8
3/11/2015,105.9
4/11/2015,105.9
5/11/2015,105.9
6/11/2015,105.9
7/11/2015,105.9
8/11/2015,105.9
9/11/2015,105.9
10/11/2015,105.9
11/11/2015,105.9
12/11/2015,105.9
13/11/2015,105.9
14/11/2015,105.9
15/11/2015,105.9
16/11/2015,105.9
17/11/2015,105.9
18/11/2015,105.9
19/11/2015,105.9
20/11/2015,106
21/11/2015,106
22/11/2015,106
23/11/2015,106
24/11/2015,106
25/11/2015,106
26/11/2015,106
27/11/2015,106
28/11/2015,106
29/11/2015,106
30/11/2015,106
1/12/2015,106
2/12/2015,106
3/12/2015,106
4/12/2015,106
5/12/2015,106
6/12/2015,106
7/12/2015,106
8/12/2015,106.1
9/12/2015,106.1
10/12/2015,106.1
11/12/2015,106.1
12/12/2015,106.1
13/12/2015,106.1
14/12/2015,106.1
15/12/2015,106.1
16/12/2015,106.1
17/12/2015,106.1
18/12/2015,106.1
19/12/2015,106.1
20/12/2015,106.1
21/12/2015,106.1
22/12/2015,106.1
23/12/2015,106.1
24/12/2015,106.1
25/12/2015,106.2
26/12/2015,106.2
27/12/2015,106.2
28/12/2015,106.2
29/12/2015,106.2
30/12/2015,106.2
31/12/2015,106.2
1/1/2016,106.2
2/1/2016,106.2
3/1/2016,106.2
4/1/2016,106.2
5/1/2016,106.2
6/1/2016,106.2
7/1/2016,106.2
8/1/2016,106.2
9/1/2016,106.2
10/1/2016,106.2
11/1/2016,106.3
12/1/2016,106.3
13/1/2016,106.3
14/1/2016,106.3
15/1/2016,106.3
16/1/2016,106.3
17/1/2016,106.3
18/1/2016,106.3
19/1/2016,106.3
20/1/2016,106.3
21/1/2016,106.3
22/1/2016,106.3
23/1/2016,106.3
24/1/2016,106.3
25/1/2016,106.3
26/1/2016,106.3
27/1/2016,106.3
28/1/2016,106.4
29/1/2016,106.4
30/1/2016,106.4
31/1/2016,106.4
1/2/2016,106.4
2/2/2016,106.4
3/2/2016,106.4
4/2/2016,106.4
5/2/2016,106.4
6/2/2016,106.4
7/2/2016,106.4
8/2/2016,106.4
9/2/2016,106.4
10/2/2016,106.4
11/2/2016,106.4
12/2/2016,106.4
13/2/2016,106.4
14/2/2016,106.4
15/2/2016,106.5
16/2/2016,106.5
17/2/2016,106.5
18/2/2016,106.5
19/2/2016,106.5
20/2/2016,106.5
21/2/2016,106.5
22/2/2016,106.5
23/2/2016,106.5
24/2/2016,106.5
25/2/2016,106.5
26/2/2016,106.5
27/2/2016,106.5
28/2/2016,106.5
29/2/2016,106.5
1/3/2016,106.5
2/3/2016,106.5
3/3/2016,106.6
4/3/2016,106.6
5/3/2016,106.6
6/3/2016,106.6
7/3/2016,106.6
8/3/2016,106.6
9/3/2016,106.6
10/3/2016,106.6
11/3/2016,106.6
12/3/2016,106.6
13/3/2016,106.6
14/3/2016,106.6
15/3/2016,106.6
16/3/2016,106.6
17/3/2016,106.6
18/3/2016,106.6
19/3/2016,106.6
20/3/2016,106.7
21/3/2016,106.7
22/3/2016,106.7
23/3/2016,106.7
24/3/2016,106.7
25/3/2016,106.7
26/3/2016,106.7
27/3/2016,106.7
28/3/2016,106.7
29/3/2016,106.7
30/3/2016,106.7
31/3/2016,106.7
1/4/2016,106.7
2/4/2016,106.7
3/4/2016,106.7
4/4/2016,106.7
5/4/2016,106.7
6/4/2016,106.8
7/4/2016,106.8
8/4/2016,106.8
9/4/2016,106.8
10/4/2016,106.8
11/4/2016,106.8
12/4/2016,106.8
13/4/2016,106.8
14/4/2016,106.8
15/4/2016,106.8
16/4/2016,106.8
17/4/2016,106.8
18/4/2016,106.8
19/4/2016,106.8
20/4/2016,106.8
21/4/2016,106.8
22/4/2016,106.8
23/4/2016,106.8
24/4/2016,106.9
25/4/2016,106.9
26/4/2016,106.9
27/4/2016,106.9
28/4/2016,106.9
29/4/2016,106.9
30/4/2016,106.9
1/5/2016,106.9
2/5/2016,106.9
3/5/2016,106.9
4/5/2016,106.9
5/5/2016,106.9
6/5/2016,106.9
7/5/2016,106.9
8/5/2016,106.9
9/5/2016,106.9
10/5/2016,106.9
11/5/2016,107
12/5/2016,107
13/5/2016,107
14/5/2016,107
15/5/2016,107
16/5/2016,107
17/5/2016,107
18/5/2016,107
19/5/2016,107
20/5/2016,107
21/5/2016,107
22/5/2016,107
23/5/2016,107
24/5/2016,107
25/5/2016,107
26/5/2016,107
27/5/2016,107
28/5/2016,107.1
29/5/2016,107.1
30/5/2016,107.1
31/5/2016,107.1
1/6/2016,107.1
2/6/2016,107.1
3/6/2016,107.1
4/6/2016,107.1
5/6/2016,107.1
6/6/2016,107.1
7/6/2016,107.1
8/6/2016,107.1
9/6/2016,107.1
10/6/2016,107.1
11/6/2016,107.1
12/6/2016,107.1
13/6/2016,107.1
14/6/2016,107.2
15/6/2016,107.2
16/6/2016,107.2
17/6/2016,107.2
18/6/2016,107.2
19/6/2016,107.2
20/6/2016,107.2
21/6/2016,107.2
22/6/2016,107.2
23/6/2016,107.2
24/6/2016,107.2
25/6/2016,107.2
26/6/2016,107.2
27/6/2016,107.2
28/6/2016,107.2
29/6/2016,107.2
30/6/2016,107.2
1/7/2016,107.3
2/7/2016,107.3
3/7/2016,107.3
4/7/2016,107.3
5/7/2016,107.3
6/7/2016,107.3
7/7/2016,107.3
8/7/2016,107.3
9/7/2016,107.3
10/7/2016,107.3
11/7/2016,107.3
12/7/2016,107.3
13/7/2016,107.3
14/7/2016,107.3
15/7/2016,107.3
16/7/2016,107.3
17/7/2016,107.3
18/7/2016,107.3
19/7/2016,107.4
20/7/2016,107.4
21/7/2016,107.4
22/7/2016,107.4
23/7/2016,107.4
24/7/2016,107.4
25/7/2016,107.4
26/7/2016,107.4
27/7/2016,107.4
28/7/2016,107.4
29/7/2016,107.4
30/7/2016,107.4
31/7/2016,107.4
1/8/2016,107.4
2/8/2016,107.4
3/8/2016,107.4
4/8/2016,107.4
5/8/2016,107.5
6/8/2016,107.5
7/8/2016,107.5
8/8/2016,107.5
9/8/2016,107.5
10/8/2016,107.5
11/8/2016,107.5
12/8/2016,107.5
13/8/2016,107.5
14/8/2016,107.5
15/8/2016,107.5
16/8/2016,107.5
17/8/2016,107.5
18/8/2016,107.5
19/8/2016,107.5
20/8/2016,107.5
21/8/2016,107.5
22/8/2016,107.6
23/8/2016,107.6
24/8/2016,107.6
25/8/2016,107.6
26/8/2016,107.6
27/8/2016,107.6
28/8/2016,107.6
29/8/2016,107.6
30/8/2016,107.6
31/8/2016,107.6
1/9/2016,107.6
2/9/2016,107.6
3/9/2016,107.6
4/9/2016,107.6
5/9/2016,107.6
6/9/2016,107.6
7/9/2016,107.6
8/9/2016,107.7
9/9/2016,107.7
10/9/2016,107.7
11/9/2016,107.7
12/9/2016,107.7
13/9/2016,107.7
14/9/2016,107.7
15/9/2016,107.7
16/9/2016,107.7
17/9/2016,107.7
18/9/2016,107.7
19/9/2016,107.7
20/9/2016,107.7
21/9/2016,107.7
22/9/2016,107.7
23/9/2016,107.7
24/9/2016,107.7
25/9/2016,107.7
26/9/2016,107.8
27/9/2016,107.8
28/9/2016,107.8
29/9/2016,107.8
30/9/2016,107.8
1/10/2016,107.8
2/10/2016,107.8
3/10/2016,107.8
4/10/2016,107.8
5/10/2016,107.8
6/10/2016,107.8
7/10/2016,107.8
8/10/2016,107.8
9/10/2016,107.8
10/10/2016,107.8
11/10/2016,107.8
12/10/2016,107.8
13/10/2016,107.9
14/10/2016,107.9
15/10/2016,107.9
16/10/2016,107.9
17/10/2016,107.9
18/10/2016,107.9
19/10/2016,107.9
20/10/2016,107.9
21/10/2016,107.9
22/10/2016,107.9
23/10/2016,107.9
24/10/2016,107.9
25/10/2016,107.9
26/10/2016,107.9
27/10/2016,107.9
28/10/2016,107.9
29/10/2016,107.9
30/10/2016,108
31/10/2016,108
1/11/2016,108
2/11/2016,108
3/11/2016,108
4/11/2016,108
5/11/2016,108
6/11/2016,108
7/11/2016,108
8/11/2016,108
9/11/2016,108
10/11/2016,108
11/11/2016,108
12/11/2016,108
13/11/2016,108
14/11/2016,108
15/11/2016,108
16/11/2016,108.1
17/11/2016,108.1
18/11/2016,108.1
19/11/2016,108.1
20/11/2016,108.1
21/11/2016,108.1
22/11/2016,108.1
23/11/2016,108.1
24/11/2016,108.1
25/11/2016,108.1
26/11/2016,108.1
27/11/2016,108.1
28/11/2016,108.1
29/11/2016,108.1
30/11/2016,108.1
1/12/2016,108.1
2/12/2016,108.1
3/12/2016,108.1
4/12/2016,108.2
5/12/2016,108.2
6/12/2016,108.2
7/12/2016,108.2
8/12/2016,108.2
9/12/2016,108.2
10/12/2016,108.2
11/12/2016,108.2
12/12/2016,108.2
13/12/2016,108.2
14/12/2016,108.2
15/12/2016,108.2
16/12/2016,108.2
17/12/2016,108.2
18/12/2016,108.2
19/12/2016,108.2
20/12/2016,108.2
21/12/2016,108.3
22/12/2016,108.3
23/12/2016,108.3
24/12/2016,108.3
25/12/2016,108.3
26/12/2016,108.3
27/12/2016,108.3
28/12/2016,108.3
29/12/2016,108.3
30/12/2016,108.3
31/12/2016,108.3
1/1/2017,108.3
2/1/2017,108.3
3/1/2017,108.3
4/1/2017,108.3
5/1/2017,108.3
6/1/2017,108.3
7/1/2017,108.4
8/1/2017,108.4
9/1/2017,108.4
10/1/2017,108.4
11/1/2017,108.4
12/1/2017,108.4
13/1/2017,108.4
14/1/2017,108.4
15/1/2017,108.4
16/1/2017,108.4
17/1/2017,108.4
18/1/2017,108.4
19/1/2017,108.4
20/1/2017,108.4
21/1/2017,108.4
22/1/2017,108.4
23/1/2017,108.4
24/1/2017,108.5
25/1/2017,108.5
26/1/2017,108.5
27/1/2017,108.5
28/1/2017,108.5
29/1/2017,108.5
30/1/2017,108.5
31/1/2017,108.5
1/2/2017,108.5
2/2/2017,108.5
3/2/2017,108.5
4/2/2017,108.5
5/2/2017,108.5
6/2/2017,108.5
7/2/2017,108.5
8/2/2017,108.5
9/2/2017,108.5
10/2/2017,108.6
11/2/2017,108.6
12/2/2017,108.6
13/2/2017,108.6
14/2/2017,108.6
15/2/2017,108.6
16/2/2017,108.6
17/2/2017,108.6
18/2/2017,108.6
19/2/2017,108.6
20/2/2017,108.6
21/2/2017,108.6
22/2/2017,108.6
23/2/2017,108.6
24/2/2017,108.6
25/2/2017,108.6
26/2/2017,108.6
27/2/2017,108.6
28/2/2017,108.7
1/3/2017,108.7
2/3/2017,108.7
3/3/2017,108.7
4/3/2017,108.7
5/3/2017,108.7
6/3/2017,108.7
7/3/2017,108.7
8/3/2017,108.7
9/3/2017,108.7
10/3/2017,108.7
11/3/2017,108.7
12/3/2017,108.7
13/3/2017,108.7
14/3/2017,108.7
15/3/2017,108.7
16/3/2017,108.7
17/3/2017,108.8
18/3/2017,108.8
19/3/2017,108.8
20/3/2017,108.8
21/3/2017,108.8
22/3/2017,108.8
23/3/2017,108.8
24/3/2017,108.8
25/3/2017,108.8
26/3/2017,108.8
27/3/2017,108.8
28/3/2017,108.8
29/3/2017,108.8
30/3/2017,108.8
31/3/2017,108.8
1/4/2017,108.8
2/4/2017,108.8
3/4/2017,108.9
4/4/2017,108.9
5/4/2017,108.9
6/4/2017,108.9
7/4/2017,108.9
8/4/2017,108.9
9/4/2017,108.9
10/4/2017,108.9
11/4/2017,108.9
12/4/2017,108.9
13/4/2017,108.9
14/4/2017,108.9
15/4/2017,108.9
16/4/2017,108.9
17/4/2017,108.9
18/4/2017,108.9
19/4/2017,108.9
20/4/2017,109
21/4/2017,109
22/4/2017,109
23/4/2017,109
24/4/2017,109
25/4/2017,109
26/4/2017,109
27/4/2017,109
28/4/2017,109
29/4/2017,109
30/4/2017,109
1/5/2017,109
2/5/2017,109
3/5/2017,109
4/5/2017,109
5/5/2017,109
6/5/2017,109
7/5/2017,109
8/5/2017,109.1
9/5/2017,109.1
10/5/2017,109.1
11/5/2017,109.1
12/5/2017,109.1
13/5/2017,109.1
14/5/2017,109.1
15/5/2017,109.1
16/5/2017,109.1
17/5/2017,109.1
18/5/2017,109.1
19/5/2017,109.1
20/5/2017,109.1
21/5/2017,109.1
22/5/2017,109.1
23/5/2017,109.1
24/5/2017,109.1
25/5/2017,109.2
26/5/2017,109.2
27/5/2017,109.2
28/5/2017,109.2
29/5/2017,109.2
30/5/2017,109.2
31/5/2017,109.2
1/6/2017,109.2
2/6/2017,109.2
3/6/2017,109.2
4/6/2017,109.2
5/6/2017,109.2
6/6/2017,109.2
7/6/2017,109.2
8/6/2017,109.2
9/6/2017,109.2
10/6/2017,109.2
11/6/2017,109.3
12/6/2017,109.3
13/6/2017,109.3
14/6/2017,109.3
15/6/2017,109.3
16/6/2017,109.3
17/6/2017,109.3
18/6/2017,109.3
19/6/2017,109.3
20/6/2017,109.3
21/6/2017,109.3
22/6/2017,109.3
23/6/2017,109.3
24/6/2017,109.3
25/6/2017,109.3
26/6/2017,109.3
27/6/2017,109.3
28/6/2017,109.4
29/6/2017,109.4
30/6/2017,109.4
1/7/2017,109.4
2/7/2017,109.4
3/7/2017,109.4
4/7/2017,109.4
5/7/2017,109.4
6/7/2017,109.4
7/7/2017,109.4
8/7/2017,109.4
9/7/2017,109.4
10/7/2017,109.4
11/7/2017,109.4
12/7/2017,109.4
13/7/2017,109.4
14/7/2017,109.4
15/7/2017,109.4
16/7/2017,109.5
17/7/2017,109.5
18/7/2017,109.5
19/7/2017,109.5
20/7/2017,109.5
21/7/2017,109.5
22/7/2017,109.5
23/7/2017,109.5
24/7/2017,109.5
25/7/2017,109.5
26/7/2017,109.5
27/7/2017,109.5
28/7/2017,109.5
29/7/2017,109.5
30/7/2017,109.5
31/7/2017,109.5
1/8/2017,109.5
2/8/2017,109.6
3/8/2017,109.6
4/8/2017,109.6
5/8/2017,109.6
6/8/2017,109.6
7/8/2017,109.6
8/8/2017,109.6
9/8/2017,109.6
10/8/2017,109.6
11/8/2017,109.6
12/8/2017,109.6
13/8/2017,109.6
14/8/2017,109.6
15/8/2017,109.6
16/8/2017,109.6
17/8/2017,109.6
18/8/2017,109.6
19/8/2017,109.7
20/8/2017,109.7
21/8/2017,109.7
22/8/2017,109.7
23/8/2017,109.7
24/8/2017,109.7
25/8/2017,109.7
26/8/2017,109.7
27/8/2017,109.7
28/8/2017,109.7
29/8/2017,109.7
30/8/2017,109.7
31/8/2017,109.7
1/9/2017,109.7
2/9/2017,109.7
3/9/2017,109.7
4/9/2017,109.7
5/9/2017,109.8
6/9/2017,109.8
7/9/2017,109.8
8/9/2017,109.8
9/9/2017,109.8
10/9/2017,109.8
11/9/2017,109.8
12/9/2017,109.8
13/9/2017,109.8
14/9/2017,109.8
15/9/2017,109.8
16/9/2017,109.8
17/9/2017,109.8
18/9/2017,109.8
19/9/2017,109.8
20/9/2017,109.8
21/9/2017,109.8
22/9/2017,109.9
23/9/2017,109.9
24/9/2017,109.9
25/9/2017,109.9
26/9/2017,109.9
27/9/2017,109.9
28/9/2017,109.9
29/9/2017,109.9
30/9/2017,109.9
1/10/2017,109.9
2/10/2017,109.9
3/10/2017,109.9
4/10/2017,109.9
5/10/2017,109.9
6/10/2017,109.9
7/10/2017,109.9
8/10/2017,109.9
9/10/2017,109.9
10/10/2017,110
11/10/2017,110
12/10/2017,110
13/10/2017,110
14/10/2017,110
15/10/2017,110
16/10/2017,110
17/10/2017,110
18/10/2017,110
19/10/2017,110
20/10/2017,110
21/10/2017,110
22/10/2017,110
23/10/2017,110
24/10/2017,110
25/10/2017,110
26/10/2017,110
27/10/2017,110.1
28/10/2017,110.1
29/10/2017,110.1
30/10/2017,110.1
31/10/2017,110.1
1/11/2017,110.1
2/11/2017,110.1
3/11/2017,110.1
4/11/2017,110.1
5/11/2017,110.1
6/11/2017,110.1
7/11/2017,110.1
8/11/2017,110.1
9/11/2017,110.1
10/11/2017,110.1
11/11/2017,110.1
12/11/2017,110.1
13/11/2017,110.2
14/11/2017,110.2
15/11/2017,110.2
16/11/2017,110.2
17/11/2017,110.2
18/11/2017,110.2
19/11/2017,110.2
20/11/2017,110.2
21/11/2017,110.2
22/11/2017,110.2
23/11/2017,110.2
24/11/2017,110.2
25/11/2017,110.2
26/11/2017,110.2
27/11/2017,110.2
28/11/2017,110.2
29/11/2017,110.2
30/11/2017,110.3
1/12/2017,110.3
2/12/2017,110.3
3/12/2017,110.3
4/12/2017,110.3
5/12/2017,110.3
6/12/2017,110.3
7/12/2017,110.3
8/12/2017,110.3
9/12/2017,110.3
10/12/2017,110.3
11/12/2017,110.3
12/12/2017,110.3
13/12/2017,110.3
14/12/2017,110.3
15/12/2017,110.3
16/12/2017,110.3
17/12/2017,110.3
18/12/2017,110.4
19/12/2017,110.4
20/12/2017,110.4
21/12/2017,110.4
22/12/2017,110.4
23/12/2017,110.4
24/12/2017,110.4
25/12/2017,110.4
26/12/2017,110.4
27/12/2017,110.4
28/12/2017,110.4
29/12/2017,110.4
30/12/2017,110.4
31/12/2017,110.4
1/1/2018,110.4
2/1/2018,110.4
3/1/2018,110.4
4/1/2018,110.5
5/1/2018,110.5
6/1/2018,110.5
7/1/2018,110.5
8/1/2018,110.5
9/1/2018,110.5
10/1/2018,110.5
11/1/2018,110.5
12/1/2018,110.5
13/1/2018,110.5
14/1/2018,110.5
15/1/2018,110.5
16/1/2018,110.5
17/1/2018,110.5
18/1/2018,110.5
19/1/2018,110.5
20/1/2018,110.5
21/1/2018,110.6
22/1/2018,110.6
23/1/2018,110.6
24/1/2018,110.6
25/1/2018,110.6
26/1/2018,110.6
27/1/2018,110.6
28/1/2018,110.6
29/1/2018,110.6
30/1/2018,110.6
31/1/2018,110.6
1/2/2018,110.6
2/2/2018,110.6
3/2/2018,110.6
4/2/2018,110.6
5/2/2018,110.6
6/2/2018,110.6
7/2/2018,110.7
8/2/2018,110.7
9/2/2018,110.7
10/2/2018,110.7
11/2/2018,110.7
12/2/2018,110.7
13/2/2018,110.7
14/2/2018,110.7
15/2/2018,110.7
16/2/2018,110.7
17/2/2018,110.7
18/2/2018,110.7
19/2/2018,110.7
20/2/2018,110.7
21/2/2018,110.7
22/2/2018,110.7
23/2/2018,110.7
24/2/2018,110.7
25/2/2018,110.8
26/2/2018,110.8
27/2/2018,110.8
28/2/2018,110.8
1/3/2018,110.8
2/3/2018,110.8
3/3/2018,110.8
4/3/2018,110.8
5/3/2018,110.8
6/3/2018,110.8
7/3/2018,110.8
8/3/2018,110.8
9/3/2018,110.8
10/3/2018,110.8
11/3/2018,110.8
12/3/2018,110.8
13/3/2018,110.8
14/3/2018,110.9
15/3/2018,110.9
16/3/2018,110.9
17/3/2018,110.9
18/3/2018,110.9
19/3/2018,110.9
20/3/2018,110.9
21/3/2018,110.9
22/3/2018,110.9
23/3/2018,110.9
24/3/2018,110.9
25/3/2018,110.9
26/3/2018,110.9
27/3/2018,110.9
28/3/2018,110.9
29/3/2018,110.9
30/3/2018,110.9
31/3/2018,111
1/4/2018,111
2/4/2018,111
3/4/2018,111
4/4/2018,111
5/4/2018,111
6/4/2018,111
7/4/2018,111
8/4/2018,111
9/4/2018,111
10/4/2018,111
11/4/2018,111
12/4/2018,111
13/4/2018,111
14/4/2018,111
15/4/2018,111
16/4/2018,111
17/4/2018,111.1
18/4/2018,111.1
19/4/2018,111.1
20/4/2018,111.1
21/4/2018,111.1
22/4/2018,111.1
23/4/2018,111.1
24/4/2018,111.1
25/4/2018,111.1
26/4/2018,111.1
27/4/2018,111.1
28/4/2018,111.1
29/4/2018,111.1
30/4/2018,111.1
1/5/2018,111.1
2/5/2018,111.1
3/5/2018,111.1
4/5/2018,111.2
5/5/2018,111.2
6/5/2018,111.2
7/5/2018,111.2
8/5/2018,111.2
9/5/2018,111.2
10/5/2018,111.2
11/5/2018,111.2
12/5/2018,111.2
13/5/2018,111.2
14/5/2018,111.2
15/5/2018,111.2
16/5/2018,111.2
17/5/2018,111.2
18/5/2018,111.2
19/5/2018,111.2
20/5/2018,111.2
21/5/2018,111.2
22/5/2018,111.3
23/5/2018,111.3
24/5/2018,111.3
25/5/2018,111.3
26/5/2018,111.3
27/5/2018,111.3
28/5/2018,111.3
29/5/2018,111.3
30/5/2018,111.3
31/5/2018,111.3
1/6/2018,111.3
2/6/2018,111.3
3/6/2018,111.3
4/6/2018,111.3
5/6/2018,111.3
6/6/2018,111.3
7/6/2018,111.3
8/6/2018,111.4
9/6/2018,111.4
10/6/2018,111.4
11/6/2018,111.4
12/6/2018,111.4
13/6/2018,111.4
14/6/2018,111.4
15/6/2018,111.4
16/6/2018,111.4
17/6/2018,111.4
18/6/2018,111.4
19/6/2018,111.4
20/6/2018,111.4
21/6/2018,111.4
22/6/2018,111.4
23/6/2018,111.4
24/6/2018,111.4
25/6/2018,111.5
26/6/2018,111.5
27/6/2018,111.5
28/6/2018,111.5
29/6/2018,111.5
30/6/2018,111.5
1/7/2018,111.5
2/7/2018,111.5
3/7/2018,111.5
4/7/2018,111.5
5/7/2018,111.5
6/7/2018,111.5
7/7/2018,111.5
8/7/2018,111.5
9/7/2018,111.5
10/7/2018,111.5
11/7/2018,111.5
12/7/2018,111.6
13/7/2018,111.6
14/7/2018,111.6
15/7/2018,111.6
16/7/2018,111.6
17/7/2018,111.6
18/7/2018,111.6
19/7/2018,111.6
20/7/2018,111.6
21/7/2018,111.6
22/7/2018,111.6
23/7/2018,111.6
24/7/2018,111.6
25/7/2018,111.6
26/7/2018,111.6
27/7/2018,111.6
28/7/2018,111.6
29/7/2018,111.6
30/7/2018,111.7
31/7/2018,111.7
1/8/2018,111.7
2/8/2018,111.7
3/8/2018,111.7
4/8/2018,111.7
5/8/2018,111.7
6/8/2018,111.7
7/8/2018,111.7
8/8/2018,111.7
9/8/2018,111.7
10/8/2018,111.7
11/8/2018,111.7
12/8/2018,111.7
13/8/2018,111.7
14/8/2018,111.7
15/8/2018,111.7
16/8/2018,111.8
17/8/2018,111.8
18/8/2018,111.8
19/8/2018,111.8
20/8/2018,111.8
21/8/2018,111.8
22/8/2018,111.8
23/8/2018,111.8
24/8/2018,111.8
25/8/2018,111.8
26/8/2018,111.8
27/8/2018,111.8
28/8/2018,111.8
29/8/2018,111.8
30/8/2018,111.8
31/8/2018,111.8
1/9/2018,111.8
2/9/2018,111.9
3/9/2018,111.9
4/9/2018,111.9
5/9/2018,111.9
6/9/2018,111.9
7/9/2018,111.9
8/9/2018,111.9
9/9/2018,111.9
10/9/2018,111.9
11/9/2018,111.9
12/9/2018,111.9
13/9/2018,111.9
14/9/2018,111.9
15/9/2018,111.9
16/9/2018,111.9
17/9/2018,111.9
18/9/2018,111.9
19/9/2018,112
20/9/2018,112
21/9/2018,112
22/9/2018,112
23/9/2018,112
24/9/2018,112
25/9/2018,112
26/9/2018,112
27/9/2018,112
28/9/2018,112
29/9/2018,112
30/9/2018,112
1/10/2018,112
2/10/2018,112
3/10/2018,112
4/10/2018,112
5/10/2018,112
6/10/2018,112
7/10/2018,112.1
8/10/2018,112.1
9/10/2018,112.1
10/10/2018,112.1
11/10/2018,112.1
12/10/2018,112.1
13/10/2018,112.1
14/10/2018,112.1
15/10/2018,112.1
16/10/2018,112.1
17/10/2018,112.1
18/10/2018,112.1
19/10/2018,112.1
20/10/2018,112.1
21/10/2018,112.1
22/10/2018,112.1
23/10/2018,112.1
24/10/2018,112.2
25/10/2018,112.2
26/10/2018,112.2
27/10/2018,112.2
28/10/2018,112.2
29/10/2018,112.2
30/10/2018,112.2
31/10/2018,112.2
1/11/2018,112.2
2/11/2018,112.2
3/11/2018,112.2
4/11/2018,112.2
5/11/2018,112.2
6/11/2018,112.2
7/11/2018,112.2
8/11/2018,112.2
9/11/2018,112.2
10/11/2018,112.3
11/11/2018,112.3
12/11/2018,112.3
13/11/2018,112.3
14/11/2018,112.3
15/11/2018,112.3
16/11/2018,112.3
17/11/2018,112.3
18/11/2018,112.3
19/11/2018,112.3
20/11/2018,112.3
21/11/2018,112.3
22/11/2018,112.3
23/11/2018,112.3
24/11/2018,112.3
25/11/2018,112.3
26/11/2018,112.3
27/11/2018,112.4
28/11/2018,112.4
29/11/2018,112.4
30/11/2018,112.4
1/12/2018,112.4
2/12/2018,112.4
3/12/2018,112.4
4/12/2018,112.4
5/12/2018,112.4
6/12/2018,112.4
7/12/2018,112.4
8/12/2018,112.4
9/12/2018,112.4
10/12/2018,112.4
11/12/2018,112.4
12/12/2018,112.4
13/12/2018,112.4
14/12/2018,112.5
15/12/2018,112.5
16/12/2018,112.5
17/12/2018,112.5
18/12/2018,112.5
19/12/2018,112.5
20/12/2018,112.5
21/12/2018,112.5
22/12/2018,112.5
23/12/2018,112.5
24/12/2018,112.5
25/12/2018,112.5
26/12/2018,112.5
27/12/2018,112.5
28/12/2018,112.5
29/12/2018,112.5
30/12/2018,112.5
31/12/2018,112.5
1/1/2019,112.6
2/1/2019,112.6
3/1/2019,112.6
4/1/2019,112.6
5/1/2019,112.6
6/1/2019,112.6
7/1/2019,112.6
8/1/2019,112.6
9/1/2019,112.6
10/1/2019,112.6
11/1/2019,112.6
12/1/2019,112.6
13/1/2019,112.6
14/1/2019,112.6
15/1/2019,112.6
16/1/2019,112.6
17/1/2019,112.6
18/1/2019,112.7
19/1/2019,112.7
20/1/2019,112.7
21/1/2019,112.7
22/1/2019,112.7
23/1/2019,112.7
24/1/2019,112.7
25/1/2019,112.7
26/1/2019,112.7
27/1/2019,112.7
28/1/2019,112.7
29/1/2019,112.7
30/1/2019,112.7
31/1/2019,112.7
1/2/2019,112.7
2/2/2019,112.7
3/2/2019,112.7
4/2/2019,112.8
5/2/2019,112.8
6/2/2019,112.8
7/2/2019,112.8
8/2/2019,112.8
9/2/2019,112.8
10/2/2019,112.8
11/2/2019,112.8
12/2/2019,112.8
13/2/2019,112.8
14/2/2019,112.8
15/2/2019,112.8
16/2/2019,112.8
17/2/2019,112.8
18/2/2019,112.8
19/2/2019,112.8
20/2/2019,112.8
21/2/2019,112.9
22/2/2019,112.9
23/2/2019,112.9
24/2/2019,112.9
25/2/2019,112.9
26/2/2019,112.9
27/2/2019,112.9
28/2/2019,112.9
1/3/2019,112.9
2/3/2019,112.9
3/3/2019,112.9
4/3/2019,112.9
5/3/2019,112.9
6/3/2019,112.9
7/3/2019,112.9
8/3/2019,112.9
9/3/2019,112.9
10/3/2019,112.9
11/3/2019,113
12/3/2019,113
13/3/2019,113
14/3/2019,113
15/3/2019,113
16/3/2019,113
17/3/2019,113
18/3/2019,113
19/3/2019,113
20/3/2019,113
21/3/2019,113
22/3/2019,113
23/3/2019,113
24/3/2019,113
25/3/2019,113
26/3/2019,113
27/3/2019,113
28/3/2019,113.1
29/3/2019,113.1
30/3/2019,113.1
31/3/2019,113.1
1/4/2019,113.1
2/4/2019,113.1
3/4/2019,113.1
4/4/2019,113.1
5/4/2019,113.1
6/4/2019,113.1
7/4/2019,113.1
8/4/2019,113.1
9/4/2019,113.1
10/4/2019,113.1
11/4/2019,113.1
12/4/2019,113.1
13/4/2019,113.1
14/4/2019,113.2
15/4/2019,113.2
16/4/2019,113.2
17/4/2019,113.2
18/4/2019,113.2
19/4/2019,113.2
20/4/2019,113.2
21/4/2019,113.2
22/4/2019,113.2
23/4/2019,113.2
24/4/2019,113.2
25/4/2019,113.2
26/4/2019,113.2
27/4/2019,113.2
28/4/2019,113.2
29/4/2019,113.2
30/4/2019,113.2
1/5/2019,113.3
2/5/2019,113.3
3/5/2019,113.3
4/5/2019,113.3
5/5/2019,113.3
6/5/2019,113.3
7/5/2019,113.3
8/5/2019,113.3
9/5/2019,113.3
10/5/2019,113.3
11/5/2019,113.3
12/5/2019,113.3
13/5/2019,113.3
14/5/2019,113.3
15/5/2019,113.3
16/5/2019,113.3
17/5/2019,113.3
18/5/2019,113.3
19/5/2019,113.4
20/5/2019,113.4
21/5/2019,113.4
22/5/2019,113.4
23/5/2019,113.4
24/5/2019,113.4
25/5/2019,113.4
26/5/2019,113.4
27/5/2019,113.4
28/5/2019,113.4
29/5/2019,113.4
30/5/2019,113.4
31/5/2019,113.4
1/6/2019,113.4
2/6/2019,113.4
3/6/2019,113.4
4/6/2019,113.4
5/6/2019,113.5
6/6/2019,113.5
7/6/2019,113.5
8/6/2019,113.5
9/6/2019,113.5
10/6/2019,113.5
11/6/2019,113.5
12/6/2019,113.5
13/6/2019,113.5
14/6/2019,113.5
15/6/2019,113.5
16/6/2019,113.5
17/6/2019,113.5
18/6/2019,113.5
19/6/2019,113.5
20/6/2019,113.5
21/6/2019,113.5
22/6/2019,113.6
23/6/2019,113.6
24/6/2019,113.6
25/6/2019,113.6
26/6/2019,113.6
27/6/2019,113.6
28/6/2019,113.6
29/6/2019,113.6
30/6/2019,113.6
1/7/2019,113.6
2/7/2019,113.6
3/7/2019,113.6
4/7/2019,113.6
5/7/2019,113.6
6/7/2019,113.6
7/7/2019,113.6
8/7/2019,113.6
9/7/2019,113.7
10/7/2019,113.7
11/7/2019,113.7
12/7/2019,113.7
13/7/2019,113.7
14/7/2019,113.7
15/7/2019,113.7
16/7/2019,113.7
17/7/2019,113.7
18/7/2019,113.7
19/7/2019,113.7
20/7/2019,113.7
21/7/2019,113.7
22/7/2019,113.7
23/7/2019,113.7
24/7/2019,113.7
25/7/2019,113.7
26/7/2019,113.8
27/7/2019,113.8
28/7/2019,113.8
29/7/2019,113.8
30/7/2019,113.8
31/7/2019,113.8
1/8/2019,113.8
2/8/2019,113.8
3/8/2019,113.8
4/8/2019,113.8
5/8/2019,113.8
6/8/2019,113.8
7/8/2019,113.8
8/8/2019,113.8
9/8/2019,113.8
10/8/2019,113.8
11/8/2019,113.8
12/8/2019,113.8
13/8/2019,113.9
14/8/2019,113.9
15/8/2019,113.9
16/8/2019,113.9
17/8/2019,113.9
18/8/2019,113.9
19/8/2019,113.9
20/8/2019,113.9
21/8/2019,113.9
22/8/2019,113.9
23/8/2019,113.9
24/8/2019,113.9
25/8/2019,113.9
26/8/2019,113.9
27/8/2019,113.9
28/8/2019,113.9
29/8/2019,113.9
30/8/2019,114
31/8/2019,114
1/9/2019,114
2/9/2019,114
3/9/2019,114
4/9/2019,114
5/9/2019,114
6/9/2019,114
7/9/2019,114
8/9/2019,114
9/9/2019,114
10/9/2019,114
11/9/2019,114
12/9/2019,114
13/9/2019,114
14/9/2019,114
15/9/2019,114
16/9/2019,114.1
17/9/2019,114.1
18/9/2019,114.1
19/9/2019,114.1
20/9/2019,114.1
21/9/2019,114.1
22/9/2019,114.1
23/9/2019,114.1
24/9/2019,114.1
25/9/2019,114.1
26/9/2019,114.1
27/9/2019,114.1
28/9/2019,114.1
29/9/2019,114.1
30/9/2019,114.1
1/10/2019,114.1
2/10/2019,114.1
3/10/2019,114.2
4/10/2019,114.2
5/10/2019,114.2
6/10/2019,114.2
7/10/2019,114.2
8/10/2019,114.2
9/10/2019,114.2
10/10/2019,114.2
11/10/2019,114.2
12/10/2019,114.2
13/10/2019,114.2
14/10/2019,114.2
15/10/2019,114.2
16/10/2019,114.2
17/10/2019,114.2
18/10/2019,114.2
19/10/2019,114.2
20/10/2019,114.2
21/10/2019,114.3
22/10/2019,114.3
23/10/2019,114.3
24/10/2019,114.3
25/10/2019,114.3
26/10/2019,114.3
27/10/2019,114.3
28/10/2019,114.3
29/10/2019,114.3
30/10/2019,114.3
31/10/2019,114.3
1/11/2019,114.3
2/11/2019,114.3
3/11/2019,114.3
4/11/2019,114.3
5/11/2019,114.3
6/11/2019,114.3
7/11/2019,114.4
8/11/2019,114.4
9/11/2019,114.4
10/11/2019,114.4
11/11/2019,114.4
12/11/2019,114.4
13/11/2019,114.4
14/11/2019,114.4
15/11/2019,114.4
16/11/2019,114.4
17/11/2019,114.4
18/11/2019,114.4
19/11/2019,114.4
20/11/2019,114.4
21/11/2019,114.4
22/11/2019,114.4
23/11/2019,114.4
24/11/2019,114.5
25/11/2019,114.5
26/11/2019,114.5
27/11/2019,114.5
28/11/2019,114.5
29/11/2019,114.5
30/11/2019,114.5
1/12/2019,114.5
2/12/2019,114.5
3/12/2019,114.5
4/12/2019,114.5
5/12/2019,114.5
6/12/2019,114.5
7/12/2019,114.5
8/12/2019,114.5
9/12/2019,114.5
10/12/2019,114.5
11/12/2019,114.6
12/12/2019,114.6
13/12/2019,114.6
14/12/2019,114.6
15/12/2019,114.6
16/12/2019,114.6
17/12/2019,114.6
18/12/2019,114.6
19/12/2019,114.6
20/12/2019,114.6
21/12/2019,114.6
22/12/2019,114.6
23/12/2019,114.6
24/12/2019,114.6
25/12/2019,114.6
26/12/2019,114.6
27/12/2019,114.6
28/12/2019,114.6
29/12/2019,114.7
30/12/2019,114.7
31/12/2019,114.7
1/1/2020,114.7
2/1/2020,114.7
3/1/2020,114.7
4/1/2020,114.7
5/1/2020,114.7
6/1/2020,114.7
7/1/2020,114.7
8/1/2020,114.7
9/1/2020,114.7
10/1/2020,114.7
11/1/2020,114.7
12/1/2020,114.7
13/1/2020,114.7
14/1/2020,114.7
15/1/2020,114.8
16/1/2020,114.8
17/1/2020,114.8
18/1/2020,114.8
19/1/2020,114.8
20/1/2020,114.8
21/1/2020,114.8
22/1/2020,114.8
23/1/2020,114.8
24/1/2020,114.8
25/1/2020,114.8
26/1/2020,114.8
27/1/2020,114.8
28/1/2020,114.8
29/1/2020,114.8
30/1/2020,114.8
31/1/2020,114.8
1/2/2020,114.9
2/2/2020,114.9
3/2/2020,114.9
4/2/2020,114.9
5/2/2020,114.9
6/2/2020,114.9
7/2/2020,114.9
8/2/2020,114.9
9/2/2020,114.9
10/2/2020,114.9
11/2/2020,114.9
12/2/2020,114.9
13/2/2020,114.9
14/2/2020,114.9
15/2/2020,114.9
16/2/2020,114.9
17/2/2020,114.9
18/2/2020,115
19/2/2020,115
20/2/2020,115
21/2/2020,115
22/2/2020,115
23/2/2020,115
24/2/2020,115
25/2/2020,115
26/2/2020,115
27/2/2020,115
28/2/2020,115
29/2/2020,115
1/3/2020,115
2/3/2020,115
3/3/2020,115
4/3/2020,115
5/3/2020,115
6/3/2020,115.1
7/3/2020,115.1
8/3/2020,115.1
9/3/2020,115.1
10/3/2020,115.1
11/3/2020,115.1
12/3/2020,115.1
13/3/2020,115.1
14/3/2020,115.1
15/3/2020,115.1
16/3/2020,115.1
17/3/2020,115.1
18/3/2020,115.1
19/3/2020,115.1
20/3/2020,115.1
21/3/2020,115.1
22/3/2020,115.1
23/3/2020,115.1
24/3/2020,115.2
25/3/2020,115.2
26/3/2020,115.2
27/3/2020,115.2
28/3/2020,115.2
29/3/2020,115.2
30/3/2020,115.2
31/3/2020,115.2
1/4/2020,115.2
2/4/2020,115.2
3/4/2020,115.2
4/4/2020,115.2
5/4/2020,115.2
6/4/2020,115.2
7/4/2020,115.2
8/4/2020,115.2
9/4/2020,115.2
10/4/2020,115.3
11/4/2020,115.3
12/4/2020,115.3
13/4/2020,115.3
14/4/2020,115.3
15/4/2020,115.3
16/4/2020,115.3
17/4/2020,115.3
18/4/2020,115.3
19/4/2020,115.3
20/4/2020,115.3
21/4/2020,115.3
22/4/2020,115.3
23/4/2020,115.3
24/4/2020,115.3
25/4/2020,115.3
26/4/2020,115.3
27/4/2020,115.4
28/4/2020,115.4
29/4/2020,115.4
30/4/2020,115.4
1/5/2020,115.4
2/5/2020,115.4
3/5/2020,115.4
4/5/2020,115.4
5/5/2020,115.4
6/5/2020,115.4
7/5/2020,115.4
8/5/2020,115.4
9/5/2020,115.4
10/5/2020,115.4
11/5/2020,115.4
12/5/2020,115.4
13/5/2020,115.4
14/5/2020,115.5
15/5/2020,115.5
16/5/2020,115.5
17/5/2020,115.5
18/5/2020,115.5
19/5/2020,115.5
20/5/2020,115.5
21/5/2020,115.5
22/5/2020,115.5
23/5/2020,115.5
24/5/2020,115.5
25/5/2020,115.5
26/5/2020,115.5
27/5/2020,115.5
28/5/2020,115.5
29/5/2020,115.5
30/5/2020,115.5
31/5/2020,115.5
1/6/2020,115.6
2/6/2020,115.6
3/6/2020,115.6
4/6/2020,115.6
5/6/2020,115.6
6/6/2020,115.6
7/6/2020,115.6
8/6/2020,115.6
9/6/2020,115.6
10/6/2020,115.6
11/6/2020,115.6
12/6/2020,115.6
13/6/2020,115.6
14/6/2020,115.6
15/6/2020,115.6
16/6/2020,115.6
17/6/2020,115.6
18/6/2020,115.7
19/6/2020,115.7
20/6/2020,115.7
21/6/2020,115.7
22/6/2020,115.7
23/6/2020,115.7
24/6/2020,115.7
25/6/2020,115.7
26/6/2020,115.7
27/6/2020,115.7
28/6/2020,115.7
29/6/2020,115.7
30/6/2020,115.7
1/7/2020,115.7
2/7/2020,115.7
3/7/2020,115.7
4/7/2020,115.7
5/7/2020,115.8
6/7/2020,115.8
7/7/2020,115.8
8/7/2020,115.8
9/7/2020,115.8
10/7/2020,115.8
11/7/2020,115.8
12/7/2020,115.8
13/7/2020,115.8
14/7/2020,115.8
15/7/2020,115.8
16/7/2020,115.8
17/7/2020,115.8
18/7/2020,115.8
19/7/2020,115.8
20/7/2020,115.8
21/7/2020,115.8
22/7/2020,115.9
23/7/2020,115.9
24/7/2020,115.9
25/7/2020,115.9
26/7/2020,115.9
27/7/2020,115.9
28/7/2020,115.9
29/7/2020,115.9
30/7/2020,115.9
31/7/2020,115.9
1/8/2020,115.9
2/8/2020,115.9
3/8/2020,115.9
4/8/2020,115.9
5/8/2020,115.9
6/8/2020,115.9
7/8/2020,115.9
8/8/2020,115.9
9/8/2020,116
10/8/2020,116
11/8/2020,116
12/8/2020,116
13/8/2020,116
14/8/2020,116
15/8/2020,116
16/8/2020,116
17/8/2020,116
18/8/2020,116
19/8/2020,116
20/8/2020,116
21/8/2020,116
22/8/2020,116
23/8/2020,116
24/8/2020,116
25/8/2020,116
26/8/2020,116.1
27/8/2020,116.1
28/8/2020,116.1
29/8/2020,116.1
30/8/2020,116.1
31/8/2020,116.1
1/9/2020,116.1
2/9/2020,116.1
3/9/2020,116.1
4/9/2020,116.1
5/9/2020,116.1
6/9/2020,116.1
7/9/2020,116.1
8/9/2020,116.1
9/9/2020,116.1
10/9/2020,116.1
11/9/2020,116.1
12/9/2020,116.2
13/9/2020,116.2
14/9/2020,116.2
15/9/2020,116.2
16/9/2020,116.2
17/9/2020,116.2
18/9/2020,116.2
19/9/2020,116.2
20/9/2020,116.2
21/9/2020,116.2
22/9/2020,116.2
23/9/2020,116.2
24/9/2020,116.2
25/9/2020,116.2
26/9/2020,116.2
27/9/2020,116.2
28/9/2020,116.2
29/9/2020,116.3
30/9/2020,116.3
1/10/2020,116.3
2/10/2020,116.3
3/10/2020,116.3
4/10/2020,116.3
5/10/2020,116.3
6/10/2020,116.3
7/10/2020,116.3
8/10/2020,116.3
9/10/2020,116.3
10/10/2020,116.3
11/10/2020,116.3
12/10/2020,116.3
13/10/2020,116.3
14/10/2020,116.3
15/10/2020,116.3
16/10/2020,116.4
17/10/2020,116.4
18/10/2020,116.4
19/10/2020,116.4
20/10/2020,116.4
21/10/2020,116.4
22/10/2020,116.4
23/10/2020,116.4
24/10/2020,116.4
25/10/2020,116.4
26/10/2020,116.4
27/10/2020,116.4
28/10/2020,116.4
29/10/2020,116.4
30/10/2020,116.4
31/10/2020,116.4
1/11/2020,116.4
2/11/2020,116.4
3/11/2020,116.5
4/11/2020,116.5
5/11/2020,116.5
6/11/2020,116.5
7/11/2020,116.5
8/11/2020,116.5
9/11/2020,116.5
10/11/2020,116.5
11/11/2020,116.5
12/11/2020,116.5
13/11/2020,116.5
14/11/2020,116.5
15/11/2020,116.5
16/11/2020,116.5
17/11/2020,116.5
18/11/2020,116.5
19/11/2020,116.5
20/11/2020,116.6
21/11/2020,116.6
22/11/2020,116.6
23/11/2020,116.6
24/11/2020,116.6
25/11/2020,116.6
26/11/2020,116.6
27/11/2020,116.6
28/11/2020,116.6
29/11/2020,116.6
30/11/2020,116.6
1/12/2020,116.6
2/12/2020,116.6
3/12/2020,116.6
4/12/2020,116.6
5/12/2020,116.6
6/12/2020,116.6
7/12/2020,116.7
8/12/2020,116.7
9/12/2020,116.7
10/12/2020,116.7
11/12/2020,116.7
12/12/2020,116.7
13/12/2020,116.7
14/12/2020,116.7
15/12/2020,116.7
16/12/2020,116.7
17/12/2020,116.7
18/12/2020,116.7
19/12/2020,116.7
20/12/2020,116.7
21/12/2020,116.7
22/12/2020,116.7
23/12/2020,116.7
24/12/2020,116.8
25/12/2020,116.8
26/12/2020,116.8
27/12/2020,116.8
28/12/2020,116.8
29/12/2020,116.8
30/12/2020,116.8
31/12/2020,116.8
1/1/2021,116.8
2/1/2021,116.8
3/1/2021,116.8
4/1/2021,116.8
5/1/2021,116.8
6/1/2021,116.8
7/1/2021,116.8
8/1/2021,116.8
9/1/2021,116.8
10/1/2021,116.8
11/1/2021,116.9
12/1/2021,116.9
13/1/2021,116.9
14/1/2021,116.9
15/1/2021,116.9
16/1/2021,116.9
17/1/2021,116.9
18/1/2021,116.9
19/1/2021,116.9
20/1/2021,116.9
21/1/2021,116.9
22/1/2021,116.9
23/1/2021,116.9
24/1/2021,116.9
25/1/2021,116.9
26/1/2021,116.9
27/1/2021,116.9
28/1/2021,117
29/1/2021,117
30/1/2021,117
31/1/2021,117
1/2/2021,117
2/2/2021,117
3/2/2021,117
4/2/2021,117
5/2/2021,117
6/2/2021,117
7/2/2021,117
8/2/2021,117
9/2/2021,117
10/2/2021,117
11/2/2021,117
12/2/2021,117
13/2/2021,117
14/2/2021,117.1
15/2/2021,117.1
16/2/2021,117.1
17/2/2021,117.1
18/2/2021,117.1
19/2/2021,117.1
20/2/2021,117.1
21/2/2021,117.1
22/2/2021,117.1
23/2/2021,117.1
24/2/2021,117.1
25/2/2021,117.1
26/2/2021,117.1
27/2/2021,117.1
28/2/2021,117.1
1/3/2021,117.1
2/3/2021,117.1
3/3/2021,117.2
4/3/2021,117.2
5/3/2021,117.2
6/3/2021,117.2
7/3/2021,117.2
8/3/2021,117.2
9/3/2021,117.2
10/3/2021,117.2
11/3/2021,117.2
12/3/2021,117.2
13/3/2021,117.2
14/3/2021,117.2
15/3/2021,117.2
16/3/2021,117.2
17/3/2021,117.2
18/3/2021,117.2
19/3/2021,117.2
20/3/2021,117.2
21/3/2021,117.3
22/3/2021,117.3
23/3/2021,117.3
24/3/2021,117.3
25/3/2021,117.3
26/3/2021,117.3
27/3/2021,117.3
28/3/2021,117.3
29/3/2021,117.3
30/3/2021,117.3
31/3/2021,117.3
1/4/2021,117.3
2/4/2021,117.3
3/4/2021,117.3
4/4/2021,117.3
5/4/2021,117.3
6/4/2021,117.3
7/4/2021,117.4
8/4/2021,117.4
9/4/2021,117.4
10/4/2021,117.4
11/4/2021,117.4
12/4/2021,117.4
13/4/2021,117.4
14/4/2021,117.4
15/4/2021,117.4
16/4/2021,117.4
17/4/2021,117.4
18/4/2021,117.4
19/4/2021,117.4
20/4/2021,117.4
21/4/2021,117.4
22/4/2021,117.4
23/4/2021,117.4
24/4/2021,117.5
25/4/2021,117.5
26/4/2021,117.5
27/4/2021,117.5
28/4/2021,117.5
29/4/2021,117.5
30/4/2021,117.5
1/5/2021,117.5
2/5/2021,117.5
3/5/2021,117.5
4/5/2021,117.5
5/5/2021,117.5
6/5/2021,117.5
7/5/2021,117.5
8/5/2021,117.5
9/5/2021,117.5
10/5/2021,117.5
11/5/2021,117.6
12/5/2021,117.6
13/5/2021,117.6
14/5/2021,117.6
15/5/2021,117.6
16/5/2021,117.6
17/5/2021,117.6
18/5/2021,117.6
19/5/2021,117.6
20/5/2021,117.6
21/5/2021,117.6
22/5/2021,117.6
23/5/2021,117.6
24/5/2021,117.6
25/5/2021,117.6
26/5/2021,117.6
27/5/2021,117.6
28/5/2021,117.7
29/5/2021,117.7
30/5/2021,117.7
31/5/2021,117.7
1/6/2021,117.7
2/6/2021,117.7
3/6/2021,117.7
4/6/2021,117.7
5/6/2021,117.7
6/6/2021,117.7
7/6/2021,117.7
8/6/2021,117.7
9/6/2021,117.7
10/6/2021,117.7
11/6/2021,117.7
12/6/2021,117.7
13/6/2021,117.7
14/6/2021,117.7
15/6/2021,117.8
16/6/2021,117.8
17/6/2021,117.8
18/6/2021,117.8
19/6/2021,117.8
20/6/2021,117.8
21/6/2021,117.8
22/6/2021,117.8
23/6/2021,117.8
24/6/2021,117.8
25/6/2021,117.8
26/6/2021,117.8
27/6/2021,117.8
28/6/2021,117.8
29/6/2021,117.8
30/6/2021,117.8
1/7/2021,117.8
2/7/2021,117.9
3/7/2021,117.9
4/7/2021,117.9
5/7/2021,117.9
6/7/2021,117.9
7/7/2021,117.9
8/7/2021,117.9
9/7/2021,117.9
10/7/2021,117.9
11/7/2021,117.9
12/7/2021,117.9
13/7/2021,117.9
14/7/2021,117.9
15/7/2021,117.9
16/7/2021,117.9
17/7/2021,117.9
18/7/2021,117.9
19/7/2021,118
20/7/2021,118
21/7/2021,118
22/7/2021,118
23/7/2021,118
24/7/2021,118
25/7/2021,118
26/7/2021,118
27/7/2021,118
28/7/2021,118
29/7/2021,118
30/7/2021,118
31/7/2021,118
1/8/2021,118
2/8/2021,118
3/8/2021,118
4/8/2021,118
5/8/2021,118.1
6/8/2021,118.1
7/8/2021,118.1
8/8/2021,118.1
9/8/2021,118.1
10/8/2021,118.1
11/8/2021,118.1
12/8/2021,118.1
13/8/2021,118.1
14/8/2021,118.1
15/8/2021,118.1
16/8/2021,118.1
17/8/2021,118.1
18/8/2021,118.1
19/8/2021,118.1
20/8/2021,118.1
21/8/2021,118.1
22/8/2021,118.1
23/8/2021,118.2
24/8/2021,118.2
25/8/2021,118.2
26/8/2021,118.2
27/8/2021,118.2
28/8/2021,118.2
29/8/2021,118.2
30/8/2021,118.2
31/8/2021,118.2
1/9/2021,118.2
2/9/2021,118.2
3/9/2021,118.2
4/9/2021,118.2
5/9/2021,118.2
6/9/2021,118.2
7/9/2021,118.2
8/9/2021,118.2
9/9/2021,118.3
10/9/2021,118.3
11/9/2021,118.3
12/9/2021,118.3
13/9/2021,118.3
14/9/2021,118.3
15/9/2021,118.3
16/9/2021,118.3
17/9/2021,118.3
18/9/2021,118.3
19/9/2021,118.3
20/9/2021,118.3
21/9/2021,118.3
22/9/2021,118.3
23/9/2021,118.3
24/9/2021,118.3
25/9/2021,118.3
26/9/2021,118.4
27/9/2021,118.4
28/9/2021,118.4
29/9/2021,118.4
30/9/2021,118.4
1/10/2021,118.4
2/10/2021,118.4
3/10/2021,118.4
4/10/2021,118.4
5/10/2021,118.4
6/10/2021,118.4
7/10/2021,118.4
8/10/2021,118.4
9/10/2021,118.4
10/10/2021,118.4
11/10/2021,118.4
12/10/2021,118.4
13/10/2021,118.5
14/10/2021,118.5
15/10/2021,118.5
16/10/2021,118.5
17/10/2021,118.5
18/10/2021,118.5
19/10/2021,118.5
20/10/2021,118.5
21/10/2021,118.5
22/10/2021,118.5
23/10/2021,118.5
24/10/2021,118.5
25/10/2021,118.5
26/10/2021,118.5
27/10/2021,118.5
28/10/2021,118.5
29/10/2021,118.5
30/10/2021,118.5
31/10/2021,118.6
1/11/2021,118.6
2/11/2021,118.6
3/11/2021,118.6
4/11/2021,118.6
5/11/2021,118.6
6/11/2021,118.6
7/11/2021,118.6
8/11/2021,118.6
9/11/2021,118.6
10/11/2021,118.6
11/11/2021,118.6
12/11/2021,118.6
13/11/2021,118.6
14/11/2021,118.6
15/11/2021,118.6
16/11/2021,118.6
17/11/2021,118.7
18/11/2021,118.7
19/11/2021,118.7
20/11/2021,118.7
21/11/2021,118.7
22/11/2021,118.7
23/11/2021,118.7
24/11/2021,118.7
25/11/2021,118.7
26/11/2021,118.7
27/11/2021,118.7
28/11/2021,118.7
29/11/2021,118.7
30/11/2021,118.7
1/12/2021,118.7
2/12/2021,118.7
3/12/2021,118.7
4/12/2021,118.8
5/12/2021,118.8
6/12/2021,118.8
7/12/2021,118.8
8/12/2021,118.8
9/12/2021,118.8
10/12/2021,118.8
11/12/2021,118.8
12/12/2021,118.8
13/12/2021,118.8
14/12/2021,118.8
15/12/2021,118.8
16/12/2021,118.8
17/12/2021,118.8
18/12/2021,118.8
19/12/2021,118.8
20/12/2021,118.8
21/12/2021,118.9
22/12/2021,118.9
23/12/2021,118.9
24/12/2021,118.9
25/12/2021,118.9
26/12/2021,118.9
27/12/2021,118.9
28/12/2021,118.9
29/12/2021,118.9
30/12/2021,118.9
31/12/2021,118.9
1/1/2022,118.9
2/1/2022,118.9
3/1/2022,118.9
4/1/2022,118.9
5/1/2022,118.9
6/1/2022,118.9
7/1/2022,119
8/1/2022,119
9/1/2022,119
10/1/2022,119
11/1/2022,119
12/1/2022,119
13/1/2022,119
14/1/2022,119
15/1/2022,119
16/1/2022,119
17/1/2022,119
18/1/2022,119
19/1/2022,119
20/1/2022,119
21/1/2022,119
22/1/2022,119
23/1/2022,119
24/1/2022,119
25/1/2022,119.1
26/1/2022,119.1
27/1/2022,119.1
28/1/2022,119.1
29/1/2022,119.1
30/1/2022,119.1
31/1/2022,119.1
1/2/2022,119.1
2/2/2022,119.1
3/2/2022,119.1
4/2/2022,119.1
5/2/2022,119.1
6/2/2022,119.1
7/2/2022,119.1
8/2/2022,119.1
9/2/2022,119.1
10/2/2022,119.1
11/2/2022,119.2
12/2/2022,119.2
13/2/2022,119.2
14/2/2022,119.2
15/2/2022,119.2
16/2/2022,119.2
17/2/2022,119.2
18/2/2022,119.2
19/2/2022,119.2
20/2/2022,119.2
21/2/2022,119.2
22/2/2022,119.2
23/2/2022,119.2
24/2/2022,119.2
25/2/2022,119.2
26/2/2022,119.2
27/2/2022,119.2
28/2/2022,119.3
1/3/2022,119.3
2/3/2022,119.3
3/3/2022,119.3
4/3/2022,119.3
5/3/2022,119.3
6/3/2022,119.3
7/3/2022,119.3
8/3/2022,119.3
9/3/2022,119.3
10/3/2022,119.3
11/3/2022,119.3
12/3/2022,119.3
13/3/2022,119.3
14/3/2022,119.3
15/3/2022,119.3
16/3/2022,119.3
17/3/2022,119.4
18/3/2022,119.4
19/3/2022,119.4
20/3/2022,119.4
21/3/2022,119.4
22/3/2022,119.4
23/3/2022,119.4
24/3/2022,119.4
25/3/2022,119.4
26/3/2022,119.4
27/3/2022,119.4
28/3/2022,119.4
29/3/2022,119.4
30/3/2022,119.4
31/3/2022,119.4
1/4/2022,119.4
2/4/2022,119.4
3/4/2022,119.4
4/4/2022,119.5
5/4/2022,119.5
6/4/2022,119.5
7/4/2022,119.5
8/4/2022,119.5
9/4/2022,119.5
10/4/2022,119.5
11/4/2022,119.5
12/4/2022,119.5
13/4/2022,119.5
14/4/2022,119.5
15/4/2022,119.5
16/4/2022,119.5
17/4/2022,119.5
18/4/2022,119.5
19/4/2022,119.5
20/4/2022,119.5
21/4/2022,119.6
22/4/2022,119.6
23/4/2022,119.6
24/4/2022,119.6
25/4/2022,119.6
26/4/2022,119.6
27/4/2022,119.6
28/4/2022,119.6
29/4/2022,119.6
30/4/2022,119.6
1/5/2022,119.6
2/5/2022,119.6
3/5/2022,119.6
4/5/2022,119.6
5/5/2022,119.6
6/5/2022,119.6
7/5/2022,119.6
8/5/2022,119.7
9/5/2022,119.7
10/5/2022,119.7
11/5/2022,119.7
12/5/2022,119.7
13/5/2022,119.7
14/5/2022,119.7
15/5/2022,119.7
16/5/2022,119.7
17/5/2022,119.7
18/5/2022,119.7
19/5/2022,119.7
20/5/2022,119.7
21/5/2022,119.7
22/5/2022,119.7
23/5/2022,119.7
24/5/2022,119.7
25/5/2022,119.8
26/5/2022,119.8
27/5/2022,119.8
28/5/2022,119.8
29/5/2022,119.8
30/5/2022,119.8
31/5/2022,119.8
1/6/2022,119.8
2/6/2022,119.8
3/6/2022,119.8
4/6/2022,119.8
5/6/2022,119.8
6/6/2022,119.8
7/6/2022,119.8
8/6/2022,119.8
9/6/2022,119.8
10/6/2022,119.8
11/6/2022,119.8
12/6/2022,119.9
13/6/2022,119.9
14/6/2022,119.9
15/6/2022,119.9
16/6/2022,119.9
17/6/2022,119.9
18/6/2022,119.9
19/6/2022,119.9
20/6/2022,119.9
21/6/2022,119.9
22/6/2022,119.9
23/6/2022,119.9
24/6/2022,119.9
25/6/2022,119.9
26/6/2022,119.9
27/6/2022,119.9
28/6/2022,119.9
29/6/2022,120
30/6/2022,120
1/7/2022,120
2/7/2022,120
3/7/2022,120
4/7/2022,120
5/7/2022,120
6/7/2022,120
7/7/2022,120
8/7/2022,120
9/7/2022,120
10/7/2022,120
11/7/2022,120
12/7/2022,120
13/7/2022,120
14/7/2022,120
15/7/2022,120
16/7/2022,120.1
17/7/2022,120.1
18/7/2022,120.1
19/7/2022,120.1
20/7/2022,120.1
21/7/2022,120.1
22/7/2022,120.1
23/7/2022,120.1
24/7/2022,120.1
25/7/2022,120.1
26/7/2022,120.1
27/7/2022,120.1
28/7/2022,120.1
29/7/2022,120.1
30/7/2022,120.1
31/7/2022,120.1
1/8/2022,120.1
2/8/2022,120.2
3/8/2022,120.2
4/8/2022,120.2
5/8/2022,120.2
6/8/2022,120.2
7/8/2022,120.2
8/8/2022,120.2
9/8/2022,120.2
10/8/2022,120.2
11/8/2022,120.2
12/8/2022,120.2
13/8/2022,120.2
14/8/2022,120.2
15/8/2022,120.2
16/8/2022,120.2
17/8/2022,120.2
18/8/2022,120.2
19/8/2022,120.3
20/8/2022,120.3
21/8/2022,120.3
22/8/2022,120.3
23/8/2022,120.3
24/8/2022,120.3
25/8/2022,120.3
26/8/2022,120.3
27/8/2022,120.3
28/8/2022,120.3
29/8/2022,120.3
30/8/2022,120.3
31/8/2022,120.3
1/9/2022,120.3
2/9/2022,120.3
3/9/2022,120.3
4/9/2022,120.3
5/9/2022,120.3
6/9/2022,120.4
7/9/2022,120.4
8/9/2022,120.4
9/9/2022,120.4
10/9/2022,120.4
11/9/2022,120.4
12/9/2022,120.4
13/9/2022,120.4
14/9/2022,120.4
15/9/2022,120.4
16/9/2022,120.4
17/9/2022,120.4
18/9/2022,120.4
19/9/2022,120.4
20/9/2022,120.4
21/9/2022,120.4
22/9/2022,120.4
23/9/2022,120.5
24/9/2022,120.5
25/9/2022,120.5
26/9/2022,120.5
27/9/2022,120.5
28/9/2022,120.5
29/9/2022,120.5
30/9/2022,120.5
1/10/2022,120.5
2/10/2022,120.5
3/10/2022,120.5
4/10/2022,120.5
5/10/2022,120.5
6/10/2022,120.5
7/10/2022,120.5
8/10/2022,120.5
9/10/2022,120.5
10/10/2022,120.6
11/10/2022,120.6
12/10/2022,120.6
13/10/2022,120.6
14/10/2022,120.6
15/10/2022,120.6
16/10/2022,120.6
17/10/2022,120.6
18/10/2022,120.6
19/10/2022,120.6
20/10/2022,120.6
21/10/2022,120.6
22/10/2022,120.6
23/10/2022,120.6
24/10/2022,120.6
25/10/2022,120.6
26/10/2022,120.6
27/10/2022,120.7
28/10/2022,120.7
29/10/2022,120.7
30/10/2022,120.7
31/10/2022,120.7
1/11/2022,120.7
2/11/2022,120.7
3/11/2022,120.7
4/11/2022,120.7
5/11/2022,120.7
6/11/2022,120.7
7/11/2022,120.7
8/11/2022,120.7
9/11/2022,120.7
10/11/2022,120.7
11/11/2022,120.7
12/11/2022,120.7
13/11/2022,120.7
14/11/2022,120.8
15/11/2022,120.8
16/11/2022,120.8
17/11/2022,120.8
18/11/2022,120.8
19/11/2022,120.8
20/11/2022,120.8
21/11/2022,120.8
22/11/2022,120.8
23/11/2022,120.8
24/11/2022,120.8
25/11/2022,120.8
26/11/2022,120.8
27/11/2022,120.8
28/11/2022,120.8
29/11/2022,120.8
30/11/2022,120.8
1/12/2022,120.9
2/12/2022,120.9
3/12/2022,120.9
4/12/2022,120.9
5/12/2022,120.9
6/12/2022,120.9
7/12/2022,120.9
8/12/2022,120.9
9/12/2022,120.9
10/12/2022,120.9
11/12/2022,120.9
12/12/2022,120.9
13/12/2022,120.9
14/12/2022,120.9
15/12/2022,120.9
16/12/2022,120.9
17/12/2022,120.9
18/12/2022,121
19/12/2022,121
20/12/2022,121
21/12/2022,121
22/12/2022,121
23/12/2022,121
24/12/2022,121
25/12/2022,121
26/12/2022,121
27/12/2022,121
28/12/2022,121
29/12/2022,121
30/12/2022,121
31/12/2022,121
1/1/2023,121
2/1/2023,121
3/1/2023,121
4/1/2023,121.1
5/1/2023,121.1
6/1/2023,121.1
7/1/2023,121.1
8/1/2023,121.1
9/1/2023,121.1
10/1/2023,121.1
11/1/2023,121.1
12/1/2023,121.1
13/1/2023,121.1
14/1/2023,121.1
15/1/2023,121.1
16/1/2023,121.1
17/1/2023,121.1
18/1/2023,121.1
19/1/2023,121.1
20/1/2023,121.1
21/1/2023,121.1
22/1/2023,121.2
23/1/2023,121.2
24/1/2023,121.2
25/1/2023,121.2
26/1/2023,121.2
27/1/2023,121.2
28/1/2023,121.2
29/1/2023,121.2
30/1/2023,121.2
31/1/2023,121.2
1/2/2023,121.2
2/2/2023,121.2
3/2/2023,121.2
4/2/2023,121.2
5/2/2023,121.2
6/2/2023,121.2
7/2/2023,121.2
8/2/2023,121.3
9/2/2023,121.3
10/2/2023,121.3
11/2/2023,121.3
12/2/2023,121.3
13/2/2023,121.3
14/2/2023,121.3
15/2/2023,121.3
16/2/2023,121.3
17/2/2023,121.3
18/2/2023,121.3
19/2/2023,121.3
20/2/2023,121.3
21/2/2023,121.3
22/2/2023,121.3
23/2/2023,121.3
24/2/2023,121.3
25/2/2023,121.4
26/2/2023,121.4
27/2/2023,121.4
28/2/2023,121.4
1/3/2023,121.4
2/3/2023,121.4
3/3/2023,121.4
4/3/2023,121.4
5/3/2023,121.4
6/3/2023,121.4
7/3/2023,121.4
8/3/2023,121.4
9/3/2023,121.4
10/3/2023,121.4
11/3/2023,121.4
12/3/2023,121.4
13/3/2023,121.4
14/3/2023,121.5
15/3/2023,121.5
16/3/2023,121.5
17/3/2023,121.5
18/3/2023,121.5
19/3/2023,121.5
20/3/2023,121.5
21/3/2023,121.5
22/3/2023,121.5
23/3/2023,121.5
24/3/2023,121.5
25/3/2023,121.5
26/3/2023,121.5
27/3/2023,121.5
28/3/2023,121.5
29/3/2023,121.5
30/3/2023,121.5
31/3/2023,121.6
1/4/2023,121.6
2/4/2023,121.6
3/4/2023,121.6
4/4/2023,121.6
5/4/2023,121.6
6/4/2023,121.6
7/4/2023,121.6
8/4/2023,121.6
9/4/2023,121.6
10/4/2023,121.6
11/4/2023,121.6
12/4/2023,121.6
13/4/2023,121.6
14/4/2023,121.6
15/4/2023,121.6
16/4/2023,121.6
17/4/2023,121.6
18/4/2023,121.7
19/4/2023,121.7
20/4/2023,121.7
21/4/2023,121.7
22/4/2023,121.7
23/4/2023,121.7
24/4/2023,121.7
25/4/2023,121.7
26/4/2023,121.7
27/4/2023,121.7
28/4/2023,121.7
29/4/2023,121.7
30/4/2023,121.7
1/5/2023,121.7
2/5/2023,121.7
3/5/2023,121.7
4/5/2023,121.7
5/5/2023,121.8
6/5/2023,121.8
7/5/2023,121.8
8/5/2023,121.8
9/5/2023,121.8
10/5/2023,121.8
11/5/2023,121.8
12/5/2023,121.8
13/5/2023,121.8
14/5/2023,121.8
15/5/2023,121.8
16/5/2023,121.8
17/5/2023,121.8
18/5/2023,121.8
19/5/2023,121.8
20/5/2023,121.8
21/5/2023,121.8
22/5/2023,121.9
23/5/2023,121.9
24/5/2023,121.9
25/5/2023,121.9
26/5/2023,121.9
27/5/2023,121.9
28/5/2023,121.9
29/5/2023,121.9
30/5/2023,121.9
31/5/2023,121.9
1/6/2023,121.9
2/6/2023,121.9
3/6/2023,121.9
4/6/2023,121.9
5/6/2023,121.9
6/6/2023,121.9
7/6/2023,121.9
8/6/2023,122
9/6/2023,122
10/6/2023,122
11/6/2023,122
12/6/2023,122
13/6/2023,122
14/6/2023,122
15/6/2023,122
16/6/2023,122
17/6/2023,122
18/6/2023,122
19/6/2023,122
20/6/2023,122
21/6/2023,122
22/6/2023,122
23/6/2023,122
24/6/2023,122
25/6/2023,122
26/6/2023,122.1
27/6/2023,122.1
28/6/2023,122.1
29/6/2023,122.1
30/6/2023,122.1
1/7/2023,122.1
2/7/2023,122.1
3/7/2023,122.1
4/7/2023,122.1
5/7/2023,122.1
6/7/2023,122.1
7/7/2023,122.1
8/7/2023,122.1
9/7/2023,122.1
10/7/2023,122.1
11/7/2023,122.1
12/7/2023,122.1
13/7/2023,122.2
14/7/2023,122.2
15/7/2023,122.2
16/7/2023,122.2
17/7/2023,122.2
18/7/2023,122.2
19/7/2023,122.2
20/7/2023,122.2
21/7/2023,122.2
22/7/2023,122.2
23/7/2023,122.2
24/7/2023,122.2
25/7/2023,122.2
26/7/2023,122.2
27/7/2023,122.2
28/7/2023,122.2
29/7/2023,122.2
30/7/2023,122.3
31/7/2023,122.3
1/8/2023,122.3
2/8/2023,122.3
3/8/2023,122.3
4/8/2023,122.3
5/8/2023,122.3
6/8/2023,122.3
7/8/2023,122.3
8/8/2023,122.3
9/8/2023,122.3
10/8/2023,122.3
11/8/2023,122.3
12/8/2023,122.3
13/8/2023,122.3
14/8/2023,122.3
15/8/2023,122.3
16/8/2023,122.4
17/8/2023,122.4
18/8/2023,122.4
19/8/2023,122.4
20/8/2023,122.4
21/8/2023,122.4
22/8/2023,122.4
23/8/2023,122.4
24/8/2023,122.4
25/8/2023,122.4
26/8/2023,122.4
27/8/2023,122.4
28/8/2023,122.4
29/8/2023,122.4
30/8/2023,122.4
31/8/2023,122.4
1/9/2023,122.4
2/9/2023,122.4
3/9/2023,122.5
4/9/2023,122.5
5/9/2023,122.5
6/9/2023,122.5
7/9/2023,122.5
8/9/2023,122.5
9/9/2023,122.5
10/9/2023,122.5
11/9/2023,122.5
12/9/2023,122.5
13/9/2023,122.5
14/9/2023,122.5
15/9/2023,122.5
16/9/2023,122.5
17/9/2023,122.5
18/9/2023,122.5
19/9/2023,122.5
20/9/2023,122.6
21/9/2023,122.6
22/9/2023,122.6
23/9/2023,122.6
24/9/2023,122.6
25/9/2023,122.6
26/9/2023,122.6
27/9/2023,122.6
28/9/2023,122.6
29/9/2023,122.6
30/9/2023,122.6
1/10/2023,122.6
2/10/2023,122.6
3/10/2023,122.6
4/10/2023,122.6
5/10/2023,122.6
6/10/2023,122.6
7/10/2023,122.7
8/10/2023,122.7
9/10/2023,122.7
10/10/2023,122.7
11/10/2023,122.7
12/10/2023,122.7
13/10/2023,122.7
14/10/2023,122.7
15/10/2023,122.7
16/10/2023,122.7
17/10/2023,122.7
18/10/2023,122.7
19/10/2023,122.7
20/10/2023,122.7
21/10/2023,122.7
22/10/2023,122.7
23/10/2023,122.7
24/10/2023,122.8
25/10/2023,122.8
26/10/2023,122.8
27/10/2023,122.8
28/10/2023,122.8
29/10/2023,122.8
30/10/2023,122.8
31/10/2023,122.8
1/11/2023,122.8
2/11/2023,122.8
3/11/2023,122.8
4/11/2023,122.8
5/11/2023,122.8
6/11/2023,122.8
7/11/2023,122.8
8/11/2023,122.8
9/11/2023,122.8
10/11/2023,122.9
11/11/2023,122.9
12/11/2023,122.9
13/11/2023,122.9
14/11/2023,122.9
15/11/2023,122.9
16/11/2023,122.9
17/11/2023,122.9
18/11/2023,122.9
19/11/2023,122.9
20/11/2023,122.9
21/11/2023,122.9
22/11/2023,122.9
23/11/2023,122.9
24/11/2023,122.9
25/11/2023,122.9
26/11/2023,122.9
27/11/2023,122.9
28/11/2023,123
29/11/2023,123
30/11/2023,123
1/12/2023,123
2/12/2023,123
3/12/2023,123
4/12/2023,123
5/12/2023,123
6/12/2023,123
7/12/2023,123
8/12/2023,123
9/12/2023,123
10/12/2023,123
11/12/2023,123
12/12/2023,123
13/12/2023,123
14/12/2023,123
15/12/2023,123.1
16/12/2023,123.1
17/12/2023,123.1
18/12/2023,123.1
19/12/2023,123.1
20/12/2023,123.1
21/12/2023,123.1
22/12/2023,123.1
23/12/2023,123.1
24/12/2023,123.1
25/12/2023,123.1
26/12/2023,123.1
27/12/2023,123.1
28/12/2023,123.1
29/12/2023,123.1
30/12/2023,123.1
31/12/2023,123.1
1/1/2024,123.2
2/1/2024,123.2
3/1/2024,123.2
4/1/2024,123.2
5/1/2024,123.2
6/1/2024,123.2
7/1/2024,123.2
8/1/2024,123.2
9/1/2024,123.2
10/1/2024,123.2
11/1/2024,123.2
12/1/2024,123.2
13/1/2024,123.2
14/1/2024,123.2
15/1/2024,123.2
16/1/2024,123.2
17/1/2024,123.2
18/1/2024,123.3
19/1/2024,123.3
20/1/2024,123.3
21/1/2024,123.3
22/1/2024,123.3
23/1/2024,123.3
24/1/2024,123.3
25/1/2024,123.3
26/1/2024,123.3
27/1/2024,123.3
28/1/2024,123.3
29/1/2024,123.3
30/1/2024,123.3
31/1/2024,123.3
1/2/2024,123.3
2/2/2024,123.3
3/2/2024,123.3
4/2/2024,123.3
5/2/2024,123.4
6/2/2024,123.4
7/2/2024,123.4
8/2/2024,123.4
9/2/2024,123.4
10/2/2024,123.4
11/2/2024,123.4
12/2/2024,123.4
13/2/2024,123.4
14/2/2024,123.4
15/2/2024,123.4
16/2/2024,123.4
17/2/2024,123.4
18/2/2024,123.4
19/2/2024,123.4
20/2/2024,123.4
21/2/2024,123.4
22/2/2024,123.5
23/2/2024,123.5
24/2/2024,123.5
25/2/2024,123.5
26/2/2024,123.5
27/2/2024,123.5
28/2/2024,123.5
29/2/2024,123.5
1/3/2024,123.5
