,Date,Mortgage Interest,Vacancy Rate,CPI,Median Sales Price,Median House Price,adj_price,adj_value,next_quarter,change
0,2014-03-02,3.98,6.2,102.3,400780.79,359101.73,391770.0782013685,351028.08406647114,395175.70038910507,1
1,2014-03-09,5.29,6.2,102.3,382637.4,373089.34,374034.60410557187,364701.21212121216,401738.08551992226,1
2,2014-03-16,5.7,6.2,102.4,393631.15,392159.58,384405.419921875,382968.33984375,402381.62293488823,1
3,2014-03-23,5.02,6.2,102.4,414878.51,377300.91,405154.794921875,368457.91992187494,421137.6699029126,1
4,2014-03-30,5.89,6.2,102.5,411593.52,406786.76,401554.6536585366,396865.1317073171,398639.10679611657,0
5,2014-04-06,6.64,6.2,102.5,371236.02,416024.45,362181.48292682925,405877.51219512196,408433.6990291262,1
6,2014-04-13,4.85,6.2,102.5,402461.56,361399.63,392645.4243902439,352585.0048780488,393301.9301648885,1
7,2014-04-20,5.12,6.2,102.6,388254.91,412008.13,378416.0916179337,401567.37816764135,370830.1842870999,0
8,2014-04-27,6.31,6.2,102.6,391292.02,367557.19,381376.23781676416,358242.8752436647,419321.79263565893,1
9,2014-05-04,6.68,6.2,102.7,401314.32,409277.64,390763.70009737095,398517.6630963973,424629.253875969,1
10,2014-05-11,7.01,4.6,102.7,399631.04,423732.12,389124.6738072054,412592.13242453744,403520.74612403096,1
11,2014-05-18,4.77,4.6,102.8,421599.52,408435.81,410116.26459143974,397311.0992217899,449106.7182962246,1
12,2014-05-25,4.62,4.6,102.8,413516.03,390371.53,402252.94747081713,379738.8424124514,397270.54211035813,0
13,2014-06-01,6.51,4.6,102.8,406240.62,402889.31,395175.70038910507,391915.67120622564,420887.2147001934,1
14,2014-06-08,6.74,4.6,102.9,413388.49,409850.0,401738.08551992226,398299.3197278911,419746.8858800774,1
15,2014-06-15,4.27,4.6,102.9,414050.69,413144.92,402381.62293488823,401501.3799805636,446936.90522243717,1
16,2014-06-22,4.49,4.6,103.0,433771.8,414939.04,421137.6699029126,402853.4368932038,447822.69565217395,1
17,2014-06-29,6.42,4.6,103.0,410598.28,418438.16,398639.10679611657,406250.640776699,431010.00966183573,1
18,2014-07-06,6.97,4.6,103.0,420686.71,425392.51,408433.6990291262,413002.4368932039,436060.4536679537,1
19,2014-07-13,4.18,4.6,103.1,405494.29,406165.61,393301.9301648885,393953.064985451,419965.67567567574,1
20,2014-07-20,5.71,4.6,103.1,382325.92,422767.82,370830.1842870999,410056.08147429687,406374.82625482633,1
21,2014-07-27,4.56,4.6,103.2,432740.09,451275.94,419321.79263565893,437282.88759689924,431834.7348119575,1
22,2014-08-03,4.64,4.6,103.2,438217.39,424836.25,424629.253875969,411663.0329457364,441361.2150433944,1
23,2014-08-10,4.66,6.3,103.2,416433.41,426052.3,403520.74612403096,412841.37596899224,458685.6840077071,1
24,2014-08-17,4.34,6.3,103.3,463927.24,450986.7,449106.7182962246,436579.57405614713,460512.6396917149,1
25,2014-08-24,4.22,6.3,103.3,410380.47,398529.88,397270.54211035813,385798.52855759923,439770.28901734104,1
26,2014-08-31,4.22,6.3,103.4,435197.38,456742.23,420887.2147001934,441723.6266924564,442802.65640038496,1
27,2014-09-07,5.29,6.3,103.4,434018.28,431646.9,419746.8858800774,417453.4816247582,434257.2088546679,1
28,2014-09-14,4.07,6.3,103.4,462132.76,445688.3,446936.90522243717,431033.1721470019,430707.98076923075,0
29,2014-09-21,5.5,6.3,103.5,463496.49,446778.09,447822.69565217395,431669.6521739131,428805.3461538461,0
30,2014-09-28,6.49,6.3,103.5,446095.36,461574.2,431010.00966183573,445965.41062801937,483312.4687800193,1
31,2014-10-05,4.41,6.3,103.6,451758.63,445527.16,436060.4536679537,430045.5212355212,450083.4870317003,1
32,2014-10-12,5.83,6.3,103.6,435084.44,441474.6,419965.67567567574,426133.7837837837,453338.7223823247,1
33,2014-10-19,5.86,6.3,103.6,421004.32,473216.58,406374.82625482633,456772.76061776065,443397.15930902114,1
34,2014-10-26,5.94,6.3,103.7,447812.62,420390.2,431834.7348119575,405390.7425265188,474845.64299424185,1
35,2014-11-02,4.69,6.3,103.7,457691.58,458261.72,441361.2150433944,441911.012536162,442217.99616490887,1
36,2014-11-09,5.41,5.1,103.8,476115.74,439841.73,458685.6840077071,423739.62427745666,464588.4755512944,1
37,2014-11-16,6.81,5.1,103.8,478012.12,450740.92,460512.6396917149,434239.8073217726,456989.37679769896,0
38,2014-11-23,7.16,5.1,103.8,456481.56,494437.28,439770.28901734104,476336.4932562621,477193.9655172414,1
39,2014-11-30,4.34,5.1,103.9,460071.96,465703.4,442802.65640038496,448222.71414821944,466513.3333333333,1
40,2014-12-07,4.57,5.1,103.9,451193.24,471402.28,434257.2088546679,453707.6804619826,458667.51196172246,1
41,2014-12-14,5.3,5.1,104.0,447936.3,443856.7,430707.98076923075,426785.2884615385,477425.2057416268,1
42,2014-12-21,5.72,5.1,104.0,445957.56,461748.38,428805.3461538461,443988.8269230769,486193.3875598086,1
43,2014-12-28,6.65,5.1,104.1,503128.28,477736.32,483312.4687800193,458920.5763688761,482753.26003824093,0
44,2015-01-04,6.74,5.1,104.1,468536.91,482213.23,450083.4870317003,463221.1623439001,488350.1625239006,1
45,2015-01-11,5.24,5.1,104.1,471925.61,488249.07,453338.7223823247,469019.2795389049,476673.7344794651,1
46,2015-01-18,6.81,5.1,104.2,462019.84,481229.09,443397.15930902114,461832.1401151632,482775.69245463226,1
47,2015-01-25,6.58,5.1,104.2,494789.16,491108.64,474845.64299424185,471313.4740882918,480549.5702005731,1
48,2015-02-01,6.59,5.1,104.3,461233.37,492114.21,442217.99616490887,471825.70469798654,486778.6641221374,1
49,2015-02-08,4.98,4.9,104.3,484565.78,459965.29,464588.4755512944,441002.1955896453,482495.41030534357,1
50,2015-02-15,5.67,4.9,104.3,476639.92,490070.38,456989.37679769896,469866.1361457334,471185.1096282173,1
51,2015-02-22,4.26,4.9,104.4,498190.5,503137.74,477193.9655172414,481932.70114942524,500613.7750238322,1
52,2015-03-01,5.8,4.9,104.4,487039.92,502571.31,466513.3333333333,481390.1436781609,494538.3984747378,1
53,2015-03-08,6.35,4.9,104.5,479307.55,490369.13,458667.51196172246,469252.75598086126,478723.3904761904,1
54,2015-03-15,6.7,4.9,104.5,498909.34,485846.52,477425.2057416268,464924.8995215311,510827.9142857144,1
55,2015-03-22,4.32,4.9,104.5,508072.09,483260.15,486193.3875598086,462449.9043062201,492990.608943863,1
56,2015-03-29,5.71,4.9,104.6,504959.91,500172.92,482753.26003824093,478176.7877629063,508883.7583254043,1
57,2015-04-05,5.36,4.9,104.6,510814.27,521238.84,488350.1625239006,498316.29063097516,520750.7611798288,1
58,2015-04-12,5.6,4.9,104.7,499077.4,477069.48,476673.7344794651,455653.75358166185,513899.686311787,1
59,2015-04-19,4.56,4.9,104.7,505466.15,498552.08,482775.69245463226,476171.99617956067,530507.3859315589,1
60,2015-04-26,5.98,4.9,104.7,503135.4,493457.32,480549.5702005731,471305.9407831901,498381.2060778728,1
61,2015-05-03,6.38,5.8,104.8,510144.04,524432.63,486778.6641221374,500412.8148854962,523901.2060778728,1
62,2015-05-10,4.07,5.8,104.8,505655.19,506447.52,482495.41030534357,483251.4503816794,510128.77609108156,1
63,2015-05-17,5.86,5.8,104.9,494273.18,509806.51,471185.1096282173,485992.8598665396,509678.3301707779,1
64,2015-05-24,5.71,5.8,104.9,525143.85,515715.74,500613.7750238322,491626.06291706377,516029.61100569257,1
65,2015-05-31,6.43,5.8,104.9,518770.78,527754.79,494538.3984747378,503102.75500476646,521535.2701421801,1
66,2015-06-07,4.96,5.8,105.0,502659.56,517291.96,478723.3904761904,492659.00952380954,528957.8293838863,1
67,2015-06-14,5.25,5.8,105.0,536369.31,479589.55,510827.9142857144,456751.95238095237,513300.9659090909,1
68,2015-06-21,6.2,5.8,105.1,518133.13,535535.28,492990.608943863,509548.31588962895,544839.4981060607,1
69,2015-06-28,6.72,5.8,105.1,534836.83,536075.15,508883.7583254043,510061.98858230264,540850.4545454545,1
70,2015-07-05,4.62,5.8,105.1,547309.05,528300.3,520750.7611798288,502664.41484300676,514119.706717124,0
71,2015-07-12,5.44,5.8,105.2,540622.47,517436.77,513899.686311787,491860.04752851714,559230.8514664143,1
72,2015-07-19,6.02,5.8,105.2,558093.77,541077.93,530507.3859315589,514332.63307984796,566669.754253308,1
73,2015-07-26,6.41,5.8,105.3,524795.41,543593.67,498381.2060778728,516233.3048433049,558690.9168241966,1
74,2015-08-02,5.68,5.0,105.3,551667.97,532958.55,523901.2060778728,506133.47578347585,541615.7561436673,1
75,2015-08-09,7.03,5.0,105.4,537675.73,538861.97,510128.77609108156,511254.24098671717,530672.4173748819,1
76,2015-08-16,4.62,5.0,105.4,537200.96,530264.5,509678.3301707779,503097.24857685005,562960.5193578848,1
77,2015-08-23,6.6,5.0,105.4,543895.21,543641.92,516029.61100569257,515789.2979127135,543986.6037735849,1
78,2015-08-30,5.21,5.0,105.5,550219.71,525168.22,521535.2701421801,497789.78199052124,569174.6886792453,1
79,2015-09-06,6.71,5.0,105.5,558050.51,556788.35,528957.8293838863,527761.4691943128,557007.2264150943,1
80,2015-09-13,5.12,5.0,105.6,542045.82,538466.95,513300.9659090909,509911.884469697,569527.012252592,1
81,2015-09-20,6.0,5.0,105.6,575350.51,558307.93,544839.4981060607,528700.6912878789,562939.7737983034,1
82,2015-09-27,6.57,5.0,105.6,571138.08,535750.84,540850.4545454545,507339.81060606055,569536.0075329567,1
83,2015-10-04,6.64,5.0,105.7,543424.53,550093.33,514119.706717124,520428.8836329233,561884.3596986817,1
84,2015-10-11,3.99,5.0,105.7,591107.01,559390.76,559230.8514664143,529224.9385052035,589140.0941619586,1
85,2015-10-18,6.21,5.0,105.8,599536.6,538241.51,566669.754253308,508734.8865784499,567354.1298212606,1
86,2015-10-25,6.4,5.0,105.8,591094.99,566983.13,558690.9168241966,535900.8790170132,573413.5841956727,1
87,2015-11-01,6.18,5.6,105.8,573029.47,561672.6,541615.7561436673,530881.4744801512,595931.4849624059,1
88,2015-11-08,4.99,5.6,105.9,561982.09,543328.38,530672.4173748819,513057.9603399433,552558.7312030075,1
89,2015-11-15,5.67,5.6,105.9,596175.19,552018.99,562960.5193578848,521264.39093484415,555823.9097744361,0
90,2015-11-22,5.63,5.6,106.0,576625.8,582748.34,543986.6037735849,549762.5849056604,589023.3802816902,1
91,2015-11-29,5.66,5.6,106.0,603325.17,589208.78,569174.6886792453,555857.3396226416,561020.7887323943,0
92,2015-12-06,5.52,5.6,106.0,590427.66,575900.72,557007.2264150943,543302.5660377358,606522.8424015009,1
93,2015-12-13,7.01,5.6,106.1,604268.16,586054.68,569527.012252592,552360.6786050897,575525.1219512195,1
94,2015-12-20,4.39,5.6,106.1,597279.1,585444.81,562939.7737983034,551785.8718190388,572462.3149015933,1
95,2015-12-27,6.51,5.6,106.2,604847.24,589135.41,569536.0075329567,554741.4406779661,612172.7085285848,1
96,2016-01-03,4.91,5.6,106.2,596721.19,605584.73,561884.3596986817,570230.4425612052,608122.6897844423,1
97,2016-01-10,6.08,5.6,106.2,625666.78,565793.9,589140.0941619586,532762.6177024482,615156.9382022473,1
98,2016-01-17,4.86,5.6,106.3,603097.44,600649.69,567354.1298212606,565051.4487300094,603820.1591760301,1
99,2016-01-24,6.5,5.6,106.3,609538.64,586876.55,573413.5841956727,552094.590780809,580622.9279700655,1
100,2016-01-31,6.9,6.0,106.4,634071.1,591346.71,595931.4849624059,555776.9830827067,621674.7521047709,1
101,2016-02-07,4.85,6.0,106.4,587922.49,592280.76,552558.7312030075,556654.8496240602,593278.1384471469,1
102,2016-02-14,4.17,6.0,106.4,591396.64,593291.2,555823.9097744361,557604.5112781954,609893.7009345795,1
103,2016-02-21,6.66,6.0,106.5,627309.9,582629.37,589023.3802816902,547069.8309859155,614087.1308411215,1
104,2016-02-28,6.4,6.0,106.5,597487.14,605876.31,561020.7887323943,568897.9436619718,600237.4789915966,1
105,2016-03-06,5.52,6.0,106.6,646553.35,630294.27,606522.8424015009,591270.4221388368,613170.6069094305,1
106,2016-03-13,6.19,6.0,106.6,613509.78,606492.04,575525.1219512195,568941.876172608,619647.6844070962,1
107,2016-03-20,4.97,6.0,106.7,610817.29,609417.16,572462.3149015933,571150.1030927835,613592.3414179104,1
108,2016-03-27,5.26,6.0,106.7,653188.28,601232.36,612172.7085285848,563479.2502343017,595101.3339552239,0
109,2016-04-03,5.71,6.0,106.7,648866.91,611883.63,608122.6897844423,573461.6963448923,616242.5535880709,1
110,2016-04-10,4.69,6.0,106.8,656987.61,622742.15,615156.9382022473,583091.9007490637,632773.0754892824,1
111,2016-04-17,5.42,6.0,106.8,644879.93,612299.92,603820.1591760301,573314.5318352061,606678.6952469711,1
112,2016-04-24,6.65,6.0,106.9,620685.91,613150.41,580622.9279700655,573573.8166510757,615880.1489757914,1
113,2016-05-01,6.8,5.8,106.9,664570.31,628110.34,621674.7521047709,587568.1384471467,614047.9795158287,0
114,2016-05-08,6.61,5.8,106.9,634214.33,610395.21,593278.1384471469,570996.4546304957,647505.888372093,1
115,2016-05-15,5.68,5.8,107.0,652586.26,630056.63,609893.7009345795,588837.9719626169,633236.5860465115,1
116,2016-05-22,6.2,5.8,107.0,657073.23,640677.92,614087.1308411215,598764.4112149533,631694.7720930232,1
117,2016-05-29,6.58,5.8,107.1,642854.34,650876.22,600237.4789915966,607727.56302521,616845.9572490706,1
118,2016-06-05,5.56,5.8,107.1,656705.72,631225.17,613170.6069094305,589379.243697479,637247.9275092938,1
119,2016-06-12,6.28,5.8,107.1,663642.67,655198.77,619647.6844070962,611763.5574229693,621903.5097493036,1
120,2016-06-19,6.19,5.8,107.2,657770.99,652304.86,613592.3414179104,608493.3395522387,633888.1708449397,1
121,2016-06-26,6.27,5.8,107.2,637948.63,623949.43,595101.3339552239,582042.3787313433,626738.5793871866,1
122,2016-07-03,7.19,5.8,107.3,661228.26,622727.45,616242.5535880709,580361.0904007455,646564.638218924,1
123,2016-07-10,6.19,5.8,107.3,678965.51,638525.98,632773.0754892824,595084.7903075488,647322.8942486085,1
124,2016-07-17,5.65,5.8,107.3,650966.24,660638.37,606678.6952469711,615692.7958993476,637957.1640407785,1
125,2016-07-24,4.69,5.8,107.4,661455.28,646223.94,615880.1489757914,601698.2681564244,648503.6144578313,1
126,2016-07-31,6.56,5.1,107.4,659487.53,640402.29,614047.9795158287,596277.7374301676,629365.1944444445,1
127,2016-08-07,6.01,5.1,107.5,696068.83,674799.7,647505.888372093,627720.6511627906,625978.25,0
128,2016-08-14,4.68,5.1,107.5,680729.33,657923.53,633236.5860465115,612021.8883720931,654936.3796296297,1
129,2016-08-21,4.81,5.1,107.5,679071.88,620914.95,631694.7720930232,577595.3023255813,652687.8353376504,1
130,2016-08-28,6.88,5.1,107.6,663726.25,662585.18,616845.9572490706,615785.4832713755,661328.362627197,1
131,2016-09-04,6.14,5.1,107.6,685678.77,667732.29,637247.9275092938,620569.0427509295,687091.2199630314,1
132,2016-09-11,4.92,5.1,107.7,669790.08,665419.72,621903.5097493036,617845.608170845,669286.2846580406,1
133,2016-09-18,4.48,5.1,107.7,682697.56,670885.17,633888.1708449397,622920.3064066853,645677.6987060998,1
134,2016-09-25,4.75,5.1,107.7,674997.45,665234.26,626738.5793871866,617673.4076137419,675333.2317636197,1
135,2016-10-02,7.08,5.1,107.8,696996.68,648571.37,646564.638218924,601643.2003710575,643773.8411819021,0
136,2016-10-09,6.56,5.1,107.8,697814.08,664890.65,647322.8942486085,616781.6790352506,657137.4077490774,1
137,2016-10-16,6.12,5.1,107.9,688355.78,658370.88,637957.1640407785,610167.6367006487,664715.9870848708,1
138,2016-10-23,6.82,5.1,107.9,699735.4,660667.91,648503.6144578313,612296.4874884152,691504.5571955718,1
139,2016-10-30,4.9,5.8,108.0,679714.41,657816.9,629365.1944444445,609089.7222222222,659017.9815668203,1
140,2016-11-06,6.83,5.8,108.0,676056.51,685654.17,625978.25,634864.9722222222,660022.396313364,1
141,2016-11-13,6.35,5.8,108.0,707331.29,682439.18,654936.3796296297,631888.1296296297,671601.3996316759,1
142,2016-11-20,4.01,5.8,108.1,705555.55,676352.16,652687.8353376504,625672.6734505089,665928.8950276243,1
143,2016-11-27,5.7,5.8,108.1,714895.96,675438.48,661328.362627197,624827.4560592044,692785.9392265194,1
144,2016-12-04,5.4,5.8,108.2,743432.7,686931.11,687091.2199630314,634871.6358595194,663828.9328426863,0
145,2016-12-11,4.32,5.8,108.2,724167.76,705574.28,669286.2846580406,652101.922365989,665026.7157313707,0
146,2016-12-18,4.98,5.8,108.2,698623.27,661427.03,645677.6987060998,611300.3974121996,676327.0220588236,1
147,2016-12-25,4.73,5.8,108.3,731385.89,699247.32,675333.2317636197,645657.7285318559,677624.6875000001,1
148,2017-01-01,4.97,5.8,108.3,697207.07,687512.4,643773.8411819021,634822.16066482,713220.7352941177,1
149,2017-01-08,6.47,5.8,108.4,712336.95,669533.2,657137.4077490774,617650.5535055349,701191.4876033058,1
150,2017-01-15,6.76,5.8,108.4,720552.13,670720.35,664715.9870848708,618745.7103321032,691445.8494031222,1
151,2017-01-22,6.16,5.8,108.4,749590.94,688318.05,691504.5571955718,634979.7509225092,674866.752293578,0
152,2017-01-29,4.81,5.8,108.5,715034.51,707406.35,659017.9815668203,651987.4193548387,705474.1100917431,1
153,2017-02-05,5.9,5.8,108.5,716124.3,712113.55,660022.396313364,656325.8525345622,682213.8899082569,1
154,2017-02-12,4.61,5.8,108.6,729359.12,694236.79,671601.3996316759,639260.3959484347,676223.5013748854,1
155,2017-02-19,5.31,5.8,108.6,723198.78,725680.74,665928.8950276243,668214.3093922652,715918.331805683,1
156,2017-02-26,4.21,5.8,108.6,752365.53,733874.08,692785.9392265194,675758.8213627993,705417.2435897436,1
157,2017-03-05,4.99,5.8,108.7,721582.05,720574.53,663828.9328426863,662902.0515179392,715832.793040293,1
158,2017-03-12,7.1,5.8,108.7,722884.04,707866.1,665026.7157313707,651210.7635694571,709032.461116194,1
159,2017-03-19,4.26,5.8,108.8,735843.8,735707.33,676327.0220588236,676201.5900735294,718535.2790484905,1
160,2017-03-26,7.12,5.8,108.8,737255.66,732275.89,677624.6875000001,673047.6930147059,699959.9817017383,1
161,2017-04-02,4.78,5.8,108.8,775984.16,736059.97,713220.7352941177,676525.7077205882,696181.9378427789,0
162,2017-04-09,5.77,5.8,108.9,763597.53,715305.81,701191.4876033058,656846.4738292011,721824.1681901279,1
163,2017-04-16,5.29,5.8,108.9,752984.53,684738.35,691445.8494031222,628777.1808999081,702936.6301369864,1
164,2017-04-23,4.07,4.5,109.0,735604.76,761112.44,674866.752293578,698268.2935779816,706610.5479452055,1
165,2017-04-30,5.36,4.5,109.0,768966.78,707301.31,705474.1100917431,648900.2844036698,711930.4566210046,1
166,2017-05-07,5.51,4.5,109.0,743613.14,733031.87,682213.8899082569,672506.3027522936,719866.8430656935,1
167,2017-05-14,4.6,4.5,109.1,737759.84,771383.47,676223.5013748854,707042.5939505041,716895.0729927009,1
168,2017-05-21,5.15,4.5,109.1,781066.9,742734.85,715918.331805683,680783.5472043997,704391.6864175024,0
169,2017-05-28,4.04,4.5,109.2,770315.63,754118.8,705417.2435897436,690584.9816849817,716502.0145852325,1
170,2017-06-04,5.28,4.5,109.2,781689.41,719448.06,715832.793040293,658835.2197802198,697010.9206927984,0
171,2017-06-11,6.94,4.5,109.3,774972.48,717422.91,709032.461116194,656379.6065873742,737400.3096539163,1
172,2017-06-18,4.92,4.5,109.3,785359.06,738201.28,718535.2790484905,675390.0091491309,709081.2750455373,0
173,2017-06-25,6.89,4.5,109.3,765056.26,764656.98,699959.9817017383,699594.6752058554,717335.2047315742,1
174,2017-07-02,4.55,4.5,109.4,761623.04,745205.89,696181.9378427789,681175.4021937842,735227.161055505,1
175,2017-07-09,6.39,4.5,109.4,789675.64,740584.0,721824.1681901279,676950.6398537477,726527.54322111,1
176,2017-07-16,6.75,4.5,109.5,769715.61,757576.96,702936.6301369864,691851.105022831,759097.7,1
177,2017-07-23,4.09,5.4,109.5,773738.55,772940.38,706610.5479452055,705881.6255707763,722531.3090909091,1
178,2017-07-30,6.75,5.4,109.5,779563.85,737141.16,711930.4566210046,673188.2739726028,745229.8819255223,1
179,2017-08-06,6.86,5.4,109.6,788974.06,742761.02,719866.8430656935,677701.6605839417,743159.0644868301,1
180,2017-08-13,4.1,5.4,109.6,785717.0,751193.03,716895.0729927009,685395.1003649635,729882.8428701181,1
181,2017-08-20,4.72,5.4,109.7,772717.68,781546.55,704391.6864175024,712439.8814949864,754343.557168784,1
182,2017-08-27,5.25,5.4,109.7,786002.71,770753.21,716502.0145852325,702600.9206927984,746986.6515426497,1
183,2017-09-03,6.14,5.4,109.7,764620.98,801317.09,697010.9206927984,730462.2515952598,761236.9718948323,1
184,2017-09-10,5.82,5.4,109.8,809665.54,785485.38,737400.3096539163,715378.306010929,764039.0933816864,1
185,2017-09-17,7.0,5.4,109.8,778571.24,773016.17,709081.2750455373,704022.0127504554,784357.3345421578,1
186,2017-09-24,6.34,5.4,109.9,788351.39,794622.67,717335.2047315742,723041.5559599636,774511.3768115942,1
187,2017-10-01,4.49,5.4,109.9,808014.65,780922.87,735227.161055505,710575.8598726115,753432.9257246376,1
188,2017-10-08,6.69,5.4,109.9,798453.77,769280.5,726527.54322111,699982.2565969062,756608.1719457014,1
189,2017-10-15,6.43,5.4,110.0,835007.47,792157.85,759097.7,720143.5,776880.2262443439,1
190,2017-10-22,4.45,5.8,110.0,794784.44,773617.23,722531.3090909091,703288.3909090909,772243.896925859,1
191,2017-10-29,6.37,5.8,110.1,820498.1,781810.08,745229.8819255223,710090.8991825613,774131.8264014468,1
192,2017-11-05,5.11,5.8,110.1,818218.13,808186.68,743159.0644868301,734047.8474114442,745613.499095841,1
193,2017-11-12,7.09,5.8,110.1,803601.01,788854.63,729882.8428701181,716489.2188919166,768611.5808491418,1
194,2017-11-19,5.73,5.8,110.2,831286.6,780430.63,754343.557168784,708194.7640653357,761032.0505871725,1
195,2017-11-26,6.89,5.8,110.2,823179.29,787616.59,746986.6515426497,714715.5989110707,776215.5685920578,1
196,2017-12-03,3.99,5.8,110.3,839644.38,812012.43,761236.9718948323,736185.3399818677,773186.6155234658,1
197,2017-12-10,6.97,5.8,110.3,842735.12,790501.36,764039.0933816864,716683.0099728014,788926.6696750904,1
198,2017-12-17,6.2,5.8,110.3,865146.14,795090.32,784357.3345421578,720843.445149592,782282.5698827773,0
199,2017-12-24,6.66,5.8,110.4,855060.56,795342.89,774511.3768115942,720419.2844202898,790715.112714157,1
200,2017-12-31,4.06,5.8,110.4,831789.95,807860.07,753432.9257246376,731757.3097826086,775159.3603603604,1
201,2018-01-07,3.95,5.8,110.5,836052.03,801422.75,756608.1719457014,725269.4570135747,770785.1531531531,1
202,2018-01-14,5.27,5.8,110.5,858452.65,785281.46,776880.2262443439,710661.9547511311,780092.3513513514,1
203,2018-01-21,7.16,5.3,110.6,854101.75,798105.19,772243.896925859,721614.095840868,786780.3690369037,1
204,2018-01-28,3.95,5.3,110.6,856189.8,799524.98,774131.8264014468,722897.8119349005,794212.9702970297,1
205,2018-02-04,5.0,5.3,110.6,824648.53,834270.51,745613.499095841,754313.3001808319,820942.4460431654,1
206,2018-02-11,6.19,5.3,110.7,850853.02,829914.74,768611.5808491418,749697.145438121,791978.012589928,1
207,2018-02-18,4.04,5.3,110.7,842462.48,828637.42,761032.0505871725,748543.2881662151,781734.9550359712,1
208,2018-02-25,4.74,5.3,110.8,860046.85,814352.06,776215.5685920578,734974.7833935019,791333.1176999102,1
209,2018-03-04,4.31,5.3,110.8,856690.77,811799.47,773186.6155234658,732671.0018050541,791828.0143755615,1
210,2018-03-11,5.54,5.3,110.8,874130.75,818527.49,788926.6696750904,738743.2220216607,805920.8078994614,1
211,2018-03-18,5.89,5.3,110.9,867551.37,812465.95,782282.5698827773,732611.3165013525,780768.9766606821,0
212,2018-03-25,5.89,5.3,110.9,876903.06,867806.07,790715.112714157,782512.2362488728,804445.7540394972,1
213,2018-04-01,7.19,5.3,111.0,860426.89,798772.14,775159.3603603604,719614.5405405406,807054.9506726457,1
214,2018-04-08,6.54,5.3,111.0,855571.52,843016.0,770785.1531531531,759473.8738738738,810149.2645739911,1
215,2018-04-15,4.12,5.3,111.0,865902.51,817391.49,780092.3513513514,736388.7297297298,800348.5752688173,1
216,2018-04-22,7.03,4.8,111.1,874112.99,837198.53,786780.3690369037,753554.0324032404,807253.5483870968,1
217,2018-04-29,4.72,4.8,111.1,882370.61,826047.56,794212.9702970297,743517.1557155716,793385.2329749104,0
218,2018-05-06,4.76,4.8,111.2,912888.0,825307.06,820942.4460431654,742182.6079136691,807246.2578334825,0
219,2018-05-13,6.71,4.8,111.2,880679.55,827972.46,791978.012589928,744579.5503597122,808653.5183527305,1
220,2018-05-20,4.95,4.8,111.2,869289.27,873504.1,781734.9550359712,785525.2697841726,822866.457960644,1
221,2018-05-27,6.96,4.8,111.3,880753.76,847288.39,791333.1176999102,761265.3998203055,803842.7996422183,1
222,2018-06-03,6.51,4.8,111.3,881304.58,839901.59,791828.0143755615,754628.5624438454,831163.529937444,1
223,2018-06-10,4.18,4.8,111.4,897795.78,861827.83,805920.8078994614,773633.5996409336,842793.8605898122,1
224,2018-06-17,4.14,4.8,111.4,869776.64,855750.17,780768.9766606821,768177.8904847397,797081.6085790885,1
225,2018-06-24,6.47,4.8,111.4,896152.57,868499.35,804445.7540394972,779622.3967684021,831868.7678571428,1
226,2018-07-01,4.31,4.8,111.5,899866.27,832438.89,807054.9506726457,746581.9641255605,837292.6785714286,1
227,2018-07-08,6.85,4.8,111.5,903316.43,866460.71,810149.2645739911,777094.8071748879,821023.782337199,1
228,2018-07-15,5.66,4.8,111.6,893189.01,875600.98,800348.5752688173,784588.6917562725,826302.5602140946,1
229,2018-07-22,5.9,6.3,111.6,900894.96,841190.49,807253.5483870968,753754.9193548388,831905.5129348795,1
230,2018-07-29,5.8,6.3,111.6,885417.92,874941.3,793385.2329749104,783997.5806451613,831022.7005347593,1
231,2018-08-05,4.86,6.3,111.7,901694.07,895765.0,807246.2578334825,801938.2273948075,832935.9803921569,1
232,2018-08-12,4.1,6.3,111.7,903265.98,872203.31,808653.5183527305,780844.503133393,815996.749777382,1
233,2018-08-19,6.32,6.3,111.8,919964.7,886851.18,822866.457960644,793247.924865832,855836.5271593946,1
234,2018-08-26,5.44,6.3,111.8,898696.25,886692.55,803842.7996422183,793106.0375670842,856926.767586821,1
235,2018-09-02,4.72,6.3,111.9,930071.99,868125.31,831163.529937444,775804.5665773012,832961.7971530249,1
236,2018-09-09,5.54,6.3,111.9,943086.33,881438.31,842793.8605898122,787701.7962466488,826306.2188612099,0
237,2018-09-16,7.09,6.3,111.9,891934.32,859440.79,797081.6085790885,768043.601429848,854129.3955555555,1
238,2018-09-23,5.45,6.3,112.0,931693.02,878280.07,831868.7678571428,784178.6339285714,841562.5066666666,1
239,2018-09-30,5.11,6.3,112.0,937767.8,891138.84,837292.6785714286,795659.6785714285,853190.1955555555,1
240,2018-10-07,6.42,6.3,112.1,920367.66,900103.94,821023.782337199,802947.314897413,848343.5079928953,1
241,2018-10-14,6.52,4.5,112.1,926285.17,891730.52,826302.5602140946,795477.7163247102,863865.7460035523,1
242,2018-10-21,4.05,4.5,112.1,932566.08,904265.0,831905.5129348795,806659.2328278323,865196.1224489796,1
243,2018-10-28,4.98,4.5,112.2,932407.47,879025.55,831022.7005347593,783445.2317290553,848345.9361135758,1
244,2018-11-04,6.63,4.5,112.2,934554.17,896147.59,832935.9803921569,798705.5169340463,841645.439219166,1
245,2018-11-11,7.13,4.5,112.3,916364.35,900066.15,815996.749777382,801483.6598397151,840297.7216312056,1
246,2018-11-18,7.09,4.5,112.3,961104.42,929624.73,855836.5271593946,827804.7462154942,871516.5159574468,1
247,2018-11-25,5.98,4.5,112.3,962328.76,900772.27,856926.767586821,802112.4398931435,848890.2480070858,0
248,2018-12-02,4.26,4.5,112.4,936249.06,898603.43,832961.7971530249,799469.243772242,860002.4534986713,1
249,2018-12-09,6.94,4.5,112.4,928768.19,908512.85,826306.2188612099,808285.4537366547,860863.9061116031,1
250,2018-12-16,6.09,4.5,112.5,960895.57,896509.79,854129.3955555555,796897.5911111111,869368.6637168141,1
251,2018-12-23,6.45,4.5,112.5,946757.82,915291.7,841562.5066666666,813592.6222222222,846412.3362831859,1
252,2018-12-30,5.74,4.5,112.5,959838.97,909028.47,853190.1955555555,808025.3066666666,875894.6507515473,1
253,2019-01-06,4.95,4.5,112.6,955234.79,889738.29,848343.5079928953,790176.1012433394,882386.0123784262,1
254,2019-01-13,5.15,6.2,112.6,972712.83,917833.31,863865.7460035523,815127.273534636,877881.254416961,1
255,2019-01-20,6.26,6.2,112.7,975076.03,916052.87,865196.1224489796,812824.196983141,874635.1590106008,1
256,2019-01-27,6.98,6.2,112.7,956085.87,898433.57,848345.9361135758,797190.3904170363,882090.3975265017,1
257,2019-02-03,5.65,6.2,112.7,948534.41,924016.82,841645.439219166,819890.7009760425,887348.6849073257,1
258,2019-02-10,3.92,6.2,112.8,947855.83,949468.07,840297.7216312056,841727.0124113475,847402.0388349515,1
259,2019-02-17,4.56,6.2,112.8,983070.63,937051.2,871516.5159574468,830719.1489361702,911242.6190476189,1
260,2019-02-24,5.67,6.2,112.9,958397.09,940514.45,848890.2480070858,833050.8857395926,892572.2045855378,1
261,2019-03-03,6.93,6.2,112.9,970942.77,913317.0,860002.4534986713,808961.0274579274,880823.9770723103,1
262,2019-03-10,6.79,6.2,112.9,971915.35,942696.83,860863.9061116031,834983.906111603,885542.9603524229,1
263,2019-03-17,5.69,6.2,113.0,982386.59,939874.01,869368.6637168141,831746.9115044249,899274.6431718062,1
264,2019-03-24,4.44,6.2,113.0,956445.94,947686.85,846412.3362831859,838660.9292035399,892468.3714788733,1
265,2019-03-31,6.4,6.2,113.1,990636.85,948194.51,875894.6507515473,838368.267020336,869225.704225352,0
266,2019-04-07,6.11,6.2,113.1,997978.58,923562.27,882386.0123784262,816589.0981432361,925337.2359154931,1
267,2019-04-14,6.39,4.8,113.2,993761.58,945441.88,877881.254416961,835196.0070671377,897865.1187335092,1
268,2019-04-21,4.11,4.8,113.2,990087.0,936798.73,874635.1590106008,827560.7155477032,914818.2761653474,1
269,2019-04-28,4.93,4.8,113.2,998526.33,949519.44,882090.3975265017,838798.0918727915,893479.8594024604,1
270,2019-05-05,4.41,4.8,113.3,1005366.06,938913.59,887348.6849073257,828696.9020300088,924887.1001757471,1
271,2019-05-12,6.09,4.8,113.3,960106.51,974165.57,847402.0388349515,859810.7413945277,910444.6924428823,1
272,2019-05-19,6.22,4.8,113.4,1033349.13,943697.83,911242.6190476189,832185.0352733685,915925.0219490781,1
273,2019-05-26,4.39,4.8,113.4,1012176.88,945202.19,892572.2045855378,833511.631393298,896173.9947322212,1
274,2019-06-02,5.58,4.8,113.4,998854.39,961909.03,880823.9770723103,848244.2945326278,927108.0701754384,1
275,2019-06-09,6.56,4.8,113.5,1005091.26,946737.65,885542.9603524229,834130.0881057269,922279.2368421053,1
276,2019-06-16,5.04,4.8,113.5,1020676.72,958628.09,899274.6431718062,844606.2466960351,932362.9736842106,1
277,2019-06-23,5.25,4.8,113.6,1013844.07,954652.48,892468.3714788733,840363.0985915493,908203.1726555653,1
278,2019-06-30,5.16,4.8,113.6,987440.4,990373.44,869225.704225352,871807.6056338028,912165.4338299737,1
279,2019-07-07,6.06,4.8,113.6,1051183.1,983096.82,925337.2359154931,865402.1302816902,949973.6952714535,1
280,2019-07-14,3.91,6.5,113.7,1020872.64,972551.62,897865.1187335092,855366.4204045733,907816.1208406305,1
281,2019-07-21,4.72,6.5,113.7,1040148.38,969649.32,914818.2761653474,852813.8258575198,921980.7705779334,1
282,2019-07-28,5.28,6.5,113.8,1016780.08,991735.24,893479.8594024604,871472.0913884008,939903.4908136482,1
283,2019-08-04,5.87,6.5,113.8,1052521.52,985803.45,924887.1001757471,866259.6221441125,928291.5485564305,1
284,2019-08-11,6.75,6.5,113.8,1036086.06,989300.08,910444.6924428823,869332.2319859402,935866.0052447553,1
285,2019-08-18,5.87,6.5,113.9,1043238.6,983540.31,915925.0219490781,863512.1246707638,925008.4790209788,1
286,2019-08-25,4.89,6.5,113.9,1020742.18,960713.65,896173.9947322212,843471.1589113256,936303.3362445416,1
287,2019-09-01,5.54,6.5,114.0,1056903.2,986454.02,927108.0701754384,865310.5438596491,916361.2314410481,0
288,2019-09-08,4.39,6.5,114.0,1051398.33,982257.56,922279.2368421053,861629.4385964914,957221.4061135371,1
289,2019-09-15,6.56,6.5,114.0,1062893.79,1002024.65,932362.9736842106,878968.9912280702,935156.3089005235,1
290,2019-09-22,4.57,6.5,114.1,1036259.82,1009630.36,908203.1726555653,884864.4697633656,929820.2094240838,1
291,2019-09-29,4.79,6.5,114.1,1040780.76,986687.37,912165.4338299737,864756.6783523225,948637.6809067131,1
292,2019-10-06,5.74,6.5,114.2,1084869.96,1005686.32,949973.6952714535,880636.0070052538,935916.224934612,0
293,2019-10-13,7.07,6.3,114.2,1036726.01,1026802.63,907816.1208406305,899126.6462346759,926510.7846556235,1
294,2019-10-20,6.92,6.3,114.2,1052902.04,992852.66,921980.7705779334,869398.126094571,927557.5087108015,1
295,2019-10-27,5.59,6.3,114.3,1074309.69,1030201.08,939903.4908136482,901313.280839895,956235.5574912892,1
296,2019-11-03,5.12,6.3,114.3,1061037.24,994287.37,928291.5485564305,869892.7121609799,946277.859007833,1
297,2019-11-10,5.81,6.3,114.4,1070630.71,1009524.46,935866.0052447553,882451.4510489509,948630.4438642297,1
298,2019-11-17,6.06,6.3,114.4,1058209.7,1011116.79,925008.4790209788,883843.347902098,966460.4873803308,1
299,2019-11-24,4.46,6.3,114.5,1072067.32,1013560.36,936303.3362445416,885205.5545851528,938877.9043478261,1
300,2019-12-01,6.02,6.3,114.5,1049233.61,1002926.61,916361.2314410481,875918.4366812228,946058.1304347827,1
301,2019-12-08,5.26,6.3,114.5,1096018.51,1008727.94,957221.4061135371,880985.1004366812,951754.0052128584,0
302,2019-12-15,5.94,6.3,114.6,1071689.13,1009683.79,935156.3089005235,881050.427574171,960010.7471763686,1
303,2019-12-22,3.94,6.3,114.6,1065573.96,1026707.94,929820.2094240838,895905.7068062827,960242.8844483059,1
304,2019-12-29,6.56,6.3,114.7,1088087.42,1028857.94,948637.6809067131,896999.0758500434,958232.5173611112,1
305,2020-01-05,6.59,6.3,114.7,1073495.91,1059400.48,935916.224934612,923627.2711421098,963175.1822916667,1
306,2020-01-12,4.65,4.7,114.7,1062707.87,1048680.06,926510.7846556235,914280.7846556234,963753.3998265394,1
307,2020-01-19,5.15,4.7,114.8,1064836.02,1022571.48,927557.5087108015,890741.7073170731,957795.5073720728,1
308,2020-01-26,6.49,4.7,114.8,1097758.42,1037196.08,956235.5574912892,903480.905923345,958588.4041630528,1
309,2020-02-02,6.76,4.7,114.9,1087273.26,1049383.71,946277.859007833,913301.7493472584,973899.5753899481,1
310,2020-02-09,5.76,4.7,114.9,1089976.38,1036989.87,948630.4438642297,902515.1174934724,960757.0797227036,1
311,2020-02-16,6.25,4.7,114.9,1110463.1,1037590.13,966460.4873803308,903037.5369886858,958469.3593073594,0
312,2020-02-23,6.86,4.7,115.0,1079709.59,1041512.28,938877.9043478261,905662.852173913,971448.5627705628,1
313,2020-03-01,7.12,4.7,115.0,1087966.85,1055851.71,946058.1304347827,918131.9217391305,975461.0476190477,1
314,2020-03-08,5.21,4.7,115.1,1095468.86,1032221.66,951754.0052128584,896804.222415291,1007948.4515570933,1
315,2020-03-15,7.01,4.7,115.1,1104972.37,1042165.33,960010.7471763686,905443.3796698522,971524.2993079586,1
316,2020-03-22,6.25,4.7,115.1,1105239.56,1056210.78,960242.8844483059,917646.203301477,994050.5963699223,1
317,2020-03-29,4.25,4.7,115.2,1103883.86,1055929.89,958232.5173611112,916605.8072916665,993509.4987035436,1
318,2020-04-05,5.38,4.7,115.2,1109577.81,1056955.83,963175.1822916667,917496.3802083334,969571.2694300519,1
319,2020-04-12,4.97,6.0,115.3,1111207.67,1049918.98,963753.3998265394,910597.5542064181,996987.5129533679,1
320,2020-04-19,7.13,6.0,115.3,1104338.22,1072157.94,957795.5073720728,929885.4640069383,973635.207253886,1
321,2020-04-26,4.11,6.0,115.3,1105252.43,1091681.83,958588.4041630528,946818.5862966176,955699.0854184642,0
322,2020-05-03,5.96,6.0,115.4,1123880.11,1067873.95,973899.5753899481,925367.3743500866,999959.145815358,1
323,2020-05-10,5.95,6.0,115.4,1108713.67,1060983.97,960757.0797227036,919396.8544194107,970547.0172413794,1
324,2020-05-17,4.35,6.0,115.5,1107032.11,1077321.63,958469.3593073594,932745.9999999999,1001079.2672413792,1
325,2020-05-24,4.86,6.0,115.5,1122023.09,1060002.44,971448.5627705628,917751.0303030302,988398.9741379311,1
326,2020-05-31,5.2,6.0,115.5,1126657.51,1058947.98,975461.0476190477,916838.0779220778,1019820.2239448752,1
327,2020-06-07,7.04,6.0,115.6,1165188.41,1072789.38,1007948.4515570933,928018.4948096885,1014178.0275624462,1
328,2020-06-14,6.53,6.0,115.6,1123082.09,1035659.2,971524.2993079586,895898.9619377162,995651.7211703958,1
329,2020-06-21,6.5,6.0,115.7,1150116.54,1059195.8,994050.5963699223,915467.415730337,994617.5215146301,1
330,2020-06-28,6.18,6.0,115.7,1149490.49,1073389.54,993509.4987035436,927735.125324114,989816.7039586919,0
331,2020-07-05,4.18,5.8,115.8,1122763.53,1060412.04,969571.2694300519,915727.1502590674,1000928.0911435942,1
332,2020-07-12,6.14,5.8,115.8,1154511.54,1067327.13,996987.5129533679,921698.7305699482,1004989.6044711951,1
333,2020-07-19,5.59,5.8,115.8,1127469.57,1078369.46,973635.207253886,931234.4214162349,1005028.2474226803,1
334,2020-07-26,5.84,5.8,115.9,1107655.24,1062380.11,955699.0854184642,916635.1251078517,1013736.151202749,1
335,2020-08-02,4.28,5.8,115.9,1158952.65,1083037.42,999959.145815358,934458.5159620361,1021160.8075601375,1
336,2020-08-09,5.47,5.8,116.0,1125834.54,1083203.35,970547.0172413794,933795.9913793104,1019324.6437768241,1
337,2020-08-16,6.7,5.8,116.0,1161251.95,1093717.38,1001079.2672413792,942859.8103448276,1006971.0557939914,1
338,2020-08-23,4.43,5.8,116.0,1146542.81,1112752.97,988398.9741379311,959269.8017241379,999426.7581475129,1
339,2020-08-30,5.33,5.8,116.1,1184011.28,1100131.68,1019820.2239448752,947572.5064599483,1037462.6843910806,1
340,2020-09-06,4.58,5.8,116.1,1177460.69,1099963.95,1014178.0275624462,947428.0361757106,1013024.708404803,0
341,2020-09-13,4.98,5.8,116.2,1156947.3,1103243.75,995651.7211703958,949435.2409638554,1014617.9862896316,1
342,2020-09-20,5.92,5.8,116.2,1155745.56,1107266.73,994617.5215146301,952897.3580034423,1018286.8808911741,1
343,2020-09-27,4.88,5.8,116.2,1150167.01,1090708.66,989816.7039586919,938647.7280550773,1002420.9075342467,1
344,2020-10-04,6.19,6.2,116.3,1164079.37,1106342.02,1000928.0911435942,951282.9062768702,1021934.1523972604,1
345,2020-10-11,6.19,6.2,116.3,1168802.91,1114798.82,1004989.6044711951,958554.4453998281,1023894.6147260275,1
346,2020-10-18,5.39,6.2,116.4,1169852.88,1091710.06,1005028.2474226803,937895.2405498282,1039113.9093242085,1
347,2020-10-25,5.57,6.2,116.4,1179988.88,1127360.16,1013736.151202749,968522.474226804,1042096.3900769888,1
348,2020-11-01,4.0,6.2,116.4,1188631.18,1132699.91,1021160.8075601375,973109.888316151,1034278.1367521368,1
349,2020-11-08,6.35,6.2,116.5,1187513.21,1109112.54,1019324.6437768241,952027.9313304721,1048155.2307692309,1
350,2020-11-15,5.11,6.2,116.5,1173121.28,1117067.02,1006971.0557939914,958855.8111587983,1041655.3458582408,1
351,2020-11-22,6.64,6.2,116.6,1165331.6,1109618.13,999426.7581475129,951645.051457976,1039076.635354398,1
352,2020-11-29,5.35,6.2,116.6,1209681.49,1135385.6,1037462.6843910806,973744.0823327617,1043315.9094790777,1
353,2020-12-06,6.25,6.2,116.6,1181186.81,1111080.47,1013024.708404803,952899.2024013721,1039901.2372013651,1
354,2020-12-13,5.06,6.2,116.7,1184059.19,1125765.55,1014617.9862896316,964666.2810625535,1039263.0972696246,1
355,2020-12-20,6.73,6.2,116.7,1188340.79,1118322.81,1018286.8808911741,958288.6118251928,1041976.2318840581,1
356,2020-12-27,7.18,6.2,116.8,1170827.62,1134074.83,1002420.9075342467,970954.4777397261,1032948.8491048594,1
357,2021-01-03,6.41,5.5,116.8,1193619.09,1108500.99,1021934.1523972604,949059.0667808219,1052933.358908781,1
358,2021-01-10,5.99,5.5,116.8,1195908.91,1157415.25,1023894.6147260275,990937.7140410959,1037736.2776831343,1
359,2021-01-17,7.04,5.5,116.9,1214724.16,1125153.14,1039113.9093242085,962491.9931565438,1063150.5536626915,1
360,2021-01-24,6.09,5.5,116.9,1218210.68,1142624.56,1042096.3900769888,977437.6047904192,1050287.1829787232,1
361,2021-01-31,4.79,5.5,117.0,1210105.42,1140642.2,1034278.1367521368,974907.8632478631,1056073.8553191489,1
362,2021-02-07,6.15,5.5,117.0,1226341.62,1134502.24,1048155.2307692309,969660.0341880341,1063716.5531914893,1
363,2021-02-14,5.36,5.5,117.1,1219778.41,1134721.16,1041655.3458582408,969018.9239965841,1066687.2023809522,1
364,2021-02-21,4.42,5.5,117.1,1216758.74,1164187.74,1039076.635354398,994182.5277540564,1040416.7687074831,1
365,2021-02-28,4.45,5.5,117.1,1221722.93,1144361.06,1043315.9094790777,977251.1187019642,1058879.3203058625,1
366,2021-03-07,3.9,5.5,117.2,1218764.25,1158417.13,1039901.2372013651,988410.5204778155,1074700.2803738317,1
367,2021-03-14,6.6,5.5,117.2,1218016.35,1144431.03,1039263.0972696246,976476.9880546075,1043808.8360237892,1
368,2021-03-21,4.24,5.5,117.3,1222238.12,1148849.67,1041976.2318840581,979411.483375959,1071442.130730051,1
369,2021-03-28,7.18,5.5,117.3,1211649.0,1167745.0,1032948.8491048594,995520.0341005968,1039754.8387096775,1
370,2021-04-04,5.97,5.1,117.3,1235090.83,1176721.33,1052933.358908781,1003172.4893435636,1056524.2578456318,1
371,2021-04-11,6.38,5.1,117.4,1218302.39,1162239.36,1037736.2776831343,989982.4190800682,1071988.2951653942,1
372,2021-04-18,4.18,5.1,117.4,1248138.75,1145644.22,1063150.5536626915,975846.8654173765,1052382.5699745547,0
373,2021-04-25,6.07,5.1,117.5,1234087.44,1199046.26,1050287.1829787232,1020464.9021276596,1061984.8813559322,1
374,2021-05-02,6.86,5.1,117.5,1240886.78,1158332.59,1056073.8553191489,985814.9702127661,1057764.686440678,1
375,2021-05-09,7.13,5.1,117.5,1249866.95,1150160.92,1063716.5531914893,978860.3574468085,1098456.3251481794,1
376,2021-05-16,6.15,5.1,117.6,1254424.15,1214305.01,1066687.2023809522,1032572.287414966,1081569.3056731585,1
377,2021-05-23,4.03,5.1,117.6,1223530.12,1171432.06,1040416.7687074831,996115.6972789116,1088648.882303133,1
378,2021-05-30,6.22,5.1,117.7,1246300.96,1157670.46,1058879.3203058625,983577.2812234494,1079661.4890016918,1
379,2021-06-06,4.57,5.1,117.7,1264922.23,1171448.76,1074700.2803738317,995283.5683942225,1079960.7191201353,1
380,2021-06-13,4.12,5.1,117.7,1228563.0,1189317.43,1043808.8360237892,1010465.1062022089,1064989.8309382924,1
381,2021-06-20,5.4,5.1,117.8,1262158.83,1188762.84,1071442.130730051,1009136.5365025467,1083742.6542688082,1
382,2021-06-27,6.21,5.1,117.8,1224831.2,1175236.13,1039754.8387096775,997653.7606112054,1078832.5844594594,1
383,2021-07-04,4.32,6.1,117.9,1245642.1,1217456.83,1056524.2578456318,1032618.1764206955,1101304.1047297297,1
384,2021-07-11,4.8,6.1,117.9,1263874.2,1184396.19,1071988.2951653942,1004576.9211195927,1106846.9341216215,1
385,2021-07-18,5.55,6.1,117.9,1240759.05,1176553.49,1052382.5699745547,997924.9279050042,1111986.464135021,1
386,2021-07-25,4.65,6.1,118.0,1253142.16,1210838.1,1061984.8813559322,1026133.9830508475,1106167.594936709,1
387,2021-08-01,4.4,6.1,118.0,1248162.33,1218467.55,1057764.686440678,1032599.6186440678,1088832.6728499157,1
388,2021-08-08,4.96,6.1,118.1,1297276.92,1188373.11,1098456.3251481794,1006243.1075359866,1084242.7824620574,0
389,2021-08-15,6.88,6.1,118.1,1277333.35,1181719.21,1081569.3056731585,1000608.9839119392,1110004.5362563238,1
390,2021-08-22,4.83,6.1,118.1,1285694.33,1220299.89,1088648.882303133,1033276.7908552074,1105833.9174389218,1
391,2021-08-29,4.9,6.1,118.2,1276159.88,1176237.37,1079661.4890016918,995124.6785109985,1080932.9654591405,1
392,2021-09-05,6.87,6.1,118.2,1276513.57,1190651.81,1079960.7191201353,1007319.6362098139,1108790.2104377104,1
393,2021-09-12,6.67,6.1,118.3,1259882.97,1225666.73,1064989.8309382924,1036066.5511411666,1116534.8316498315,1
394,2021-09-19,4.24,6.1,118.3,1282067.56,1212428.66,1083742.6542688082,1024876.2975486051,1108943.1902356902,1
395,2021-09-26,4.21,6.1,118.4,1277337.78,1211403.79,1078832.5844594594,1023145.0929054053,1106879.613120269,1
396,2021-10-03,4.18,6.0,118.4,1303944.06,1222759.01,1101304.1047297297,1032735.6503378378,1100972.2203532378,0
397,2021-10-10,7.08,6.0,118.4,1310506.77,1217279.05,1106846.9341216215,1028107.3057432432,1093939.2605042015,0
398,2021-10-17,4.95,6.0,118.5,1317703.96,1202194.27,1111986.464135021,1014509.9324894514,1124206.0924369746,1
399,2021-10-24,4.44,6.0,118.5,1310808.6,1242919.6,1106167.594936709,1048877.2995780592,1112167.3109243698,1
400,2021-10-31,4.77,6.0,118.6,1291355.55,1245757.59,1088832.6728499157,1050385.8263069142,1114130.0167926115,1
401,2021-11-07,6.66,6.0,118.6,1285911.94,1231066.27,1084242.7824620574,1037998.5413153458,1140836.8681780016,1
402,2021-11-14,4.76,6.0,118.6,1316465.38,1230767.2,1110004.5362563238,1037746.3743676222,1128631.25,1
403,2021-11-21,5.42,6.0,118.7,1312624.86,1267288.47,1105833.9174389218,1067639.8230834035,1126626.124161074,1
404,2021-11-28,6.62,6.0,118.7,1283067.43,1230151.51,1080932.9654591405,1036353.4203875315,1125689.538590604,1
405,2021-12-05,3.97,6.0,118.8,1317242.77,1232508.26,1108790.2104377104,1037464.8653198654,1144011.7099748533,1
406,2021-12-12,4.99,6.0,118.8,1326443.38,1243973.03,1116534.8316498315,1047115.3451178452,1148461.79379715,1
407,2021-12-19,4.0,6.0,118.8,1317424.51,1262679.55,1108943.1902356902,1062861.5740740742,1139513.149078727,1
408,2021-12-26,4.01,6.0,118.9,1316079.86,1266605.19,1106879.613120269,1065269.2935239696,1137089.2211055276,1
409,2022-01-02,4.82,5.6,118.9,1309055.97,1240938.94,1100972.2203532378,1043682.8763666947,1105399.6231155777,1
410,2022-01-09,6.52,5.6,119.0,1301787.72,1251546.41,1093939.2605042015,1051719.6722689075,1134256.9623430963,1
411,2022-01-16,5.56,5.6,119.0,1337805.25,1228354.09,1124206.0924369746,1032230.3277310925,1133008.092050209,1
412,2022-01-23,4.09,5.6,119.0,1323479.1,1246449.61,1112167.3109243698,1047436.6470588236,1136806.5301003347,1
413,2022-01-30,6.07,5.6,119.1,1326928.85,1240628.8,1114130.0167926115,1041669.8572628045,1149391.3377926424,1
414,2022-02-06,6.69,5.6,119.1,1358736.71,1240234.59,1140836.8681780016,1041338.8664987407,1104215.730994152,0
415,2022-02-13,6.56,5.6,119.2,1345328.45,1282664.62,1128631.25,1076060.922818792,1133347.3266499583,1
416,2022-02-20,5.76,5.6,119.2,1342938.34,1247660.58,1126626.124161074,1046695.1174496644,1145797.8529657477,1
417,2022-02-27,4.2,5.6,119.2,1341821.93,1253674.69,1125689.538590604,1051740.5117449663,1137549.0984974958,1
418,2022-03-06,4.33,5.6,119.3,1364805.97,1269240.42,1144011.7099748533,1063906.4710813076,1127585.9348914858,0
419,2022-03-13,6.93,5.6,119.3,1370114.92,1285323.97,1148461.79379715,1077388.0720871752,1157173.5112593828,1
420,2022-03-20,5.21,5.6,119.4,1360578.7,1275177.23,1139513.149078727,1067987.6298157452,1151696.9974979148,1
421,2022-03-27,7.07,6.5,119.4,1357684.53,1311454.73,1137089.2211055276,1098370.795644891,1138015.0875729774,1
422,2022-04-03,4.64,6.5,119.4,1319847.15,1271048.29,1105399.6231155777,1064529.5561139027,1155069.9666666666,1
423,2022-04-10,7.03,6.5,119.5,1355437.07,1278152.96,1134256.9623430963,1069584.0669456066,1163333.7666666666,1
424,2022-04-17,6.94,6.5,119.5,1353944.67,1280510.13,1133008.092050209,1071556.5941422593,1154097.5603663614,1
425,2022-04-24,4.69,6.5,119.6,1359620.61,1300005.77,1136806.5301003347,1086961.3461538462,1165957.7768526229,1
426,2022-05-01,6.83,6.5,119.6,1374672.04,1288192.52,1149391.3377926424,1077084.0468227426,1158864.0716069941,1
427,2022-05-08,3.9,6.5,119.7,1321746.23,1280944.4,1104215.730994152,1070128.9891395154,1153917.1880199667,1
428,2022-05-15,5.7,6.5,119.7,1356616.75,1270579.42,1133347.3266499583,1061469.857978279,1146306.6722129784,1
429,2022-05-22,4.14,6.5,119.7,1371520.03,1290562.3,1145797.8529657477,1078163.9933166248,1160663.3499584373,1
430,2022-05-29,5.14,6.5,119.8,1362783.82,1310019.73,1137549.0984974958,1093505.6176961605,1166081.795511222,1
431,2022-06-05,5.49,6.5,119.8,1350847.95,1284947.74,1127585.9348914858,1072577.412353923,1176504.1895261845,1
432,2022-06-12,4.58,6.5,119.9,1387451.04,1301141.52,1157173.5112593828,1085188.9241034193,1165104.210963455,1
433,2022-06-19,4.68,6.5,119.9,1380884.7,1299003.49,1151696.9974979148,1083405.7464553795,1174159.7674418604,1
434,2022-06-26,4.87,6.0,119.9,1364480.09,1310367.98,1138015.0875729774,1092884.0533778148,1157404.9626556016,1
435,2022-07-03,4.17,6.0,120.0,1386083.96,1287447.78,1155069.9666666666,1072873.15,1161591.502074689,1
436,2022-07-10,5.7,6.0,120.0,1396000.52,1336822.7,1163333.7666666666,1114018.9166666667,1171880.8298755186,1
437,2022-07-17,4.65,6.0,120.1,1386071.17,1284539.48,1154097.5603663614,1069558.2681099083,1161084.4527363186,1
438,2022-07-24,5.69,6.0,120.1,1400315.29,1300347.54,1165957.7768526229,1082720.682764363,1186323.407960199,1
439,2022-07-31,5.67,6.0,120.1,1391795.75,1322006.1,1158864.0716069941,1100754.4546211492,1182820.4722452362,1
440,2022-08-07,6.26,6.0,120.2,1387008.46,1314489.62,1153917.1880199667,1093585.3743760402,1182451.3918806962,1
441,2022-08-14,6.4,6.0,120.2,1377860.62,1324592.32,1146306.6722129784,1101990.2828618968,1185112.6677713338,1
442,2022-08-21,7.16,6.0,120.3,1396278.01,1306804.89,1160663.3499584373,1086288.3541147131,1206935.5298013247,1
443,2022-08-28,6.92,6.0,120.3,1402796.4,1315228.26,1166081.795511222,1093290.3241895263,1177934.2218543047,1
444,2022-09-04,6.78,6.0,120.3,1415334.54,1318637.72,1176504.1895261845,1096124.455527847,1157378.7593052108,0
445,2022-09-11,5.84,6.0,120.4,1402785.47,1344097.04,1165104.210963455,1116359.6677740864,1189079.47063689,1
446,2022-09-18,5.67,6.0,120.4,1413688.36,1333018.49,1174159.7674418604,1107158.214285714,1186912.0413223142,1
447,2022-09-25,4.81,5.5,120.5,1394672.98,1336716.04,1157404.9626556016,1109307.9170124482,1183037.0826446281,1
448,2022-10-02,4.68,5.5,120.5,1399717.76,1317000.97,1161591.502074689,1092946.8630705394,1179231.611570248,1
449,2022-10-09,4.83,5.5,120.5,1412116.4,1343507.01,1171880.8298755186,1114943.5767634856,1186853.7489677952,1
450,2022-10-16,5.36,5.5,120.6,1400267.85,1334461.4,1161084.4527363186,1106518.5737976783,1196451.56895128,1
451,2022-10-23,6.62,5.5,120.6,1430706.03,1354018.76,1186323.407960199,1122735.2902155889,1188907.2277227722,1
452,2022-10-30,4.93,5.5,120.7,1427664.31,1365496.39,1182820.4722452362,1131314.3247721621,1226897.409240924,1
453,2022-11-06,6.65,5.5,120.7,1427218.83,1332787.91,1182451.3918806962,1104215.3355426677,1187062.9702970297,1
454,2022-11-13,6.62,5.5,120.7,1430430.99,1333398.75,1185112.6677713338,1104721.4167357085,1190062.7947238253,1
455,2022-11-20,4.49,5.5,120.8,1457978.12,1328636.53,1206935.5298013247,1099864.677152318,1173477.8730420445,0
456,2022-11-27,6.17,5.5,120.8,1422944.54,1341547.42,1177934.2218543047,1110552.5,1205803.352553542,1
457,2022-12-04,6.04,5.5,120.9,1399270.92,1340074.64,1157378.7593052108,1108415.7485525226,1179688.583196046,1
458,2022-12-11,3.93,5.5,120.9,1437597.08,1353301.49,1189079.47063689,1119356.0711331677,1199844.5304777594,1
459,2022-12-18,4.91,5.5,121.0,1436163.57,1347844.33,1186912.0413223142,1113920.9338842977,1204018.9794238685,1
460,2022-12-25,5.44,6.4,121.0,1431474.87,1346692.75,1183037.0826446281,1112969.2148760331,1200565.6296296297,1
461,2023-01-01,6.68,6.4,121.0,1426870.25,1370189.42,1179231.611570248,1132387.950413223,1231686.9161184211,1
462,2023-01-08,7.16,6.4,121.1,1437279.89,1342256.35,1186853.7489677952,1108386.746490504,1224407.1957236843,1
463,2023-01-15,4.39,6.4,121.1,1448902.85,1364925.07,1196451.56895128,1127105.755573906,1230316.8832236843,1
464,2023-01-22,6.15,6.4,121.2,1440955.56,1354443.23,1188907.2277227722,1117527.4174917492,1204073.1552999178,1
465,2023-01-29,4.02,6.4,121.2,1486999.66,1373501.79,1226897.409240924,1133252.301980198,1230761.9227608873,1
466,2023-02-05,6.49,6.4,121.2,1438720.32,1385519.1,1187062.9702970297,1143167.5742574257,1223861.5763546797,1
467,2023-02-12,4.5,6.4,121.3,1443546.17,1362297.6,1190062.7947238253,1123081.286067601,1229153.9573070607,1
468,2023-02-19,6.14,6.4,121.3,1423428.66,1375563.48,1173477.8730420445,1134017.7081615827,1234232.3891625616,1
469,2023-02-26,4.99,6.4,121.4,1463845.27,1373733.78,1205803.352553542,1131576.4250411862,1211269.1140278918,1
470,2023-03-05,7.02,6.4,121.4,1432141.94,1361164.46,1179688.583196046,1121222.7841845138,1219129.433962264,1
471,2023-03-12,4.08,6.4,121.4,1456611.26,1378871.52,1199844.5304777594,1135808.5008237232,1235850.4262295081,1
472,2023-03-19,5.41,6.4,121.5,1462883.06,1381700.42,1204018.9794238685,1137201.991769547,1194491.2540983607,0
473,2023-03-26,5.99,5.5,121.5,1458687.24,1385660.58,1200565.6296296297,1140461.3827160494,1247646.3770491804,1
474,2023-04-02,6.42,5.5,121.6,1497731.29,1378595.44,1231686.9161184211,1133713.355263158,1236724.5536445535,1
475,2023-04-09,4.02,5.5,121.6,1488879.15,1385088.21,1224407.1957236843,1139052.804276316,1231263.8574938576,1
476,2023-04-16,6.13,5.5,121.6,1496065.33,1368565.07,1230316.8832236843,1125464.6957236843,1235418.4860883795,1
477,2023-04-23,5.84,5.5,121.7,1465357.03,1382511.43,1204073.1552999178,1135999.5316351685,1221963.813420622,1
478,2023-04-30,5.01,5.5,121.7,1497837.26,1398326.48,1230761.9227608873,1148994.6425636811,1231197.6287816844,1
479,2023-05-07,7.03,5.5,121.8,1490663.4,1405478.06,1223861.5763546797,1153922.8735632184,1250877.4734260016,1
480,2023-05-14,5.85,5.5,121.8,1497109.52,1387860.13,1229153.9573070607,1139458.2348111658,1255195.6255110383,1
481,2023-05-21,5.66,5.5,121.8,1503295.05,1397869.47,1234232.3891625616,1147676.0837438423,1273196.339869281,1
482,2023-05-28,5.28,5.5,121.9,1476537.05,1401823.47,1211269.1140278918,1149978.2362592288,1241139.812091503,1
483,2023-06-04,4.89,5.5,121.9,1486118.78,1403528.77,1219129.433962264,1151377.1698113207,1234857.7551020407,1
484,2023-06-11,4.25,5.5,122.0,1507737.52,1410722.08,1235850.4262295081,1156329.5737704919,1238514.7510204082,1
485,2023-06-18,4.77,5.5,122.0,1457279.33,1377443.22,1194491.2540983607,1129051.8196721312,1234235.5020408165,1
486,2023-06-25,4.59,6.2,122.0,1522128.58,1406078.43,1247646.3770491804,1152523.3032786883,1246620.1712887438,0
487,2023-07-02,6.11,6.2,122.1,1510040.68,1412507.7,1236724.5536445535,1156844.9631449631,1254143.7030995106,1
488,2023-07-09,4.66,6.2,122.1,1503373.17,1396021.15,1231263.8574938576,1143342.465192465,1249910.8394458028,1
489,2023-07-16,4.86,6.2,122.2,1509681.39,1438239.8,1235418.4860883795,1176955.6464811782,1265618.9649551753,1
490,2023-07-23,6.71,6.2,122.2,1493239.78,1417657.3,1221963.813420622,1160112.356792144,1251239.6658516708,1
491,2023-07-30,4.21,6.2,122.3,1505754.7,1440788.89,1231197.6287816844,1178077.58789861,1250722.7931596092,1
492,2023-08-06,6.71,6.2,122.3,1529823.15,1407583.88,1250877.4734260016,1150927.1300081767,1249751.9218241044,0
493,2023-08-13,7.01,6.2,122.3,1535104.25,1407936.13,1255195.6255110383,1151215.1512673753,1237786.7453213993,0
494,2023-08-20,5.15,6.2,122.4,1558392.32,1427013.32,1273196.339869281,1165860.5555555555,1240462.123677787,0
495,2023-08-27,6.94,6.2,122.4,1519155.13,1400573.12,1241139.812091503,1144259.0849673203,1247088.7957689175,1
496,2023-09-03,6.14,6.2,122.5,1512700.75,1431081.84,1234857.7551020407,1168230.0734693878,1278208.0975609755,1
497,2023-09-10,5.63,6.2,122.5,1517180.57,1431419.55,1238514.7510204082,1168505.755102041,1275136.975609756,1
498,2023-09-17,5.17,6.2,122.5,1511938.49,1447300.14,1234235.5020408165,1181469.5020408162,1281827.0349309505,1
499,2023-09-24,6.7,4.6,122.6,1528356.33,1444684.69,1246620.1712887438,1178372.5040783035,1250720.1299756295,1
500,2023-10-01,4.07,4.6,122.6,1537580.18,1430010.81,1254143.7030995106,1166403.5970636215,1244845.9138911455,0
501,2023-10-08,5.38,4.6,122.7,1533640.6,1421914.43,1249910.8394458028,1158854.4661776691,1261646.826298701,1
502,2023-10-15,5.26,4.6,122.7,1552914.47,1466165.37,1265618.9649551753,1194918.8019559903,1273702.9626623376,1
503,2023-10-22,5.58,4.6,122.7,1535271.07,1430702.97,1251239.6658516708,1166017.0904645475,1278475.393349554,1
504,2023-10-29,5.4,4.6,122.8,1535887.59,1429005.73,1250722.7931596092,1163685.447882736,1287035.2230332522,1
505,2023-11-05,6.41,4.6,122.8,1534695.36,1430519.66,1249751.9218241044,1164918.28990228,1279622.1248986213,1
506,2023-11-12,6.22,4.6,122.9,1521239.91,1465655.99,1237786.7453213993,1192559.7965825875,1298188.7763371149,1
507,2023-11-19,5.92,4.6,122.9,1524527.95,1443216.81,1240462.123677787,1174301.7168429617,1276175.7536466774,1
508,2023-11-26,4.26,4.6,122.9,1532672.13,1441798.66,1247088.7957689175,1173147.811228641,1268630.6153846153,1
