DATE,MORTGAGE INTEREST
01/03/2014,6.01
02/03/2014,3.98
03/03/2014,4.81
04/03/2014,4.64
05/03/2014,6.33
06/03/2014,6.13
07/03/2014,6.84
08/03/2014,4.19
09/03/2014,5.29
10/03/2014,4.0
11/03/2014,4.62
12/03/2014,5.57
13/03/2014,3.99
14/03/2014,4.56
15/03/2014,6.04
16/03/2014,5.7
17/03/2014,4.63
18/03/2014,5.84
19/03/2014,6.57
20/03/2014,3.92
21/03/2014,6.56
22/03/2014,6.2
23/03/2014,5.02
24/03/2014,4.41
25/03/2014,7.06
26/03/2014,5.01
27/03/2014,4.21
28/03/2014,4.22
29/03/2014,6.7
30/03/2014,5.89
31/03/2014,6.56
01/04/2014,6.31
02/04/2014,5.67
03/04/2014,7.11
04/04/2014,5.15
05/04/2014,5.72
06/04/2014,6.64
07/04/2014,5.94
08/04/2014,6.74
09/04/2014,5.81
10/04/2014,6.23
11/04/2014,4.05
12/04/2014,4.65
13/04/2014,4.85
14/04/2014,4.16
15/04/2014,4.67
16/04/2014,4.23
17/04/2014,4.82
18/04/2014,6.0
19/04/2014,5.1
20/04/2014,5.12
21/04/2014,4.59
22/04/2014,4.78
23/04/2014,6.99
24/04/2014,6.04
25/04/2014,5.91
26/04/2014,4.46
27/04/2014,6.31
28/04/2014,4.44
29/04/2014,5.15
30/04/2014,7.17
01/05/2014,6.01
02/05/2014,5.74
03/05/2014,6.16
04/05/2014,6.68
05/05/2014,6.46
06/05/2014,4.66
07/05/2014,4.01
08/05/2014,4.94
09/05/2014,4.78
10/05/2014,4.6
11/05/2014,7.01
12/05/2014,6.79
13/05/2014,4.94
14/05/2014,6.06
15/05/2014,5.21
16/05/2014,6.92
17/05/2014,5.41
18/05/2014,4.77
19/05/2014,4.71
20/05/2014,5.75
21/05/2014,4.77
22/05/2014,5.83
23/05/2014,6.86
24/05/2014,5.22
25/05/2014,4.62
26/05/2014,7.19
27/05/2014,5.58
28/05/2014,4.2
29/05/2014,4.06
30/05/2014,4.26
31/05/2014,5.97
01/06/2014,6.51
02/06/2014,5.29
03/06/2014,4.11
04/06/2014,5.16
05/06/2014,7.19
06/06/2014,5.65
07/06/2014,7.1
08/06/2014,6.74
09/06/2014,3.94
10/06/2014,6.28
11/06/2014,6.15
12/06/2014,5.67
13/06/2014,4.78
14/06/2014,6.02
15/06/2014,4.27
16/06/2014,5.33
17/06/2014,5.4
18/06/2014,7.05
19/06/2014,6.79
20/06/2014,4.77
21/06/2014,5.55
22/06/2014,4.49
23/06/2014,6.91
24/06/2014,6.77
25/06/2014,4.88
26/06/2014,6.01
27/06/2014,5.91
28/06/2014,4.4
29/06/2014,6.42
30/06/2014,5.68
01/07/2014,6.47
02/07/2014,5.65
03/07/2014,3.9
04/07/2014,4.97
05/07/2014,3.96
06/07/2014,6.97
07/07/2014,6.8
08/07/2014,6.64
09/07/2014,4.91
10/07/2014,4.09
11/07/2014,6.8
12/07/2014,7.02
13/07/2014,4.18
14/07/2014,5.5
15/07/2014,4.13
16/07/2014,6.41
17/07/2014,6.43
18/07/2014,4.32
19/07/2014,5.47
20/07/2014,5.71
21/07/2014,4.77
22/07/2014,6.78
23/07/2014,5.3
24/07/2014,4.6
25/07/2014,5.68
26/07/2014,6.31
27/07/2014,4.56
28/07/2014,4.93
29/07/2014,7.18
30/07/2014,6.04
31/07/2014,5.35
01/08/2014,5.61
02/08/2014,4.3
03/08/2014,4.64
04/08/2014,5.02
05/08/2014,5.84
06/08/2014,4.66
07/08/2014,4.63
08/08/2014,4.13
09/08/2014,5.98
10/08/2014,4.66
11/08/2014,6.89
12/08/2014,6.74
13/08/2014,4.13
14/08/2014,4.69
15/08/2014,6.11
16/08/2014,4.61
17/08/2014,4.34
18/08/2014,6.99
19/08/2014,5.78
20/08/2014,5.46
21/08/2014,6.49
22/08/2014,6.56
23/08/2014,4.53
24/08/2014,4.22
25/08/2014,5.32
26/08/2014,5.3
27/08/2014,5.44
28/08/2014,6.31
29/08/2014,6.12
30/08/2014,7.15
31/08/2014,4.22
01/09/2014,5.23
02/09/2014,5.02
03/09/2014,6.74
04/09/2014,4.72
05/09/2014,4.53
06/09/2014,5.38
07/09/2014,5.29
08/09/2014,4.82
09/09/2014,4.72
10/09/2014,6.95
11/09/2014,5.36
12/09/2014,6.74
13/09/2014,5.72
14/09/2014,4.07
15/09/2014,7.2
16/09/2014,6.66
17/09/2014,7.1
18/09/2014,6.96
19/09/2014,6.7
20/09/2014,4.45
21/09/2014,5.5
22/09/2014,4.61
23/09/2014,5.22
24/09/2014,4.09
25/09/2014,5.15
26/09/2014,7.15
27/09/2014,4.78
28/09/2014,6.49
29/09/2014,5.4
30/09/2014,5.3
01/10/2014,7.06
02/10/2014,7.18
03/10/2014,5.73
04/10/2014,6.27
05/10/2014,4.41
06/10/2014,4.88
07/10/2014,7.1
08/10/2014,5.81
09/10/2014,5.69
10/10/2014,6.37
11/10/2014,4.09
12/10/2014,5.83
13/10/2014,5.56
14/10/2014,6.71
15/10/2014,4.42
16/10/2014,7.07
17/10/2014,4.16
18/10/2014,4.51
19/10/2014,5.86
20/10/2014,6.13
21/10/2014,4.68
22/10/2014,4.3
23/10/2014,6.84
24/10/2014,4.71
25/10/2014,5.86
26/10/2014,5.94
27/10/2014,5.28
28/10/2014,5.83
29/10/2014,5.63
30/10/2014,6.98
31/10/2014,4.57
01/11/2014,6.26
02/11/2014,4.69
03/11/2014,5.21
04/11/2014,6.12
05/11/2014,4.89
06/11/2014,4.94
07/11/2014,6.38
08/11/2014,4.14
09/11/2014,5.41
10/11/2014,7.19
11/11/2014,7.19
12/11/2014,4.14
13/11/2014,4.6
14/11/2014,4.78
15/11/2014,6.98
16/11/2014,6.81
17/11/2014,6.8
18/11/2014,5.12
19/11/2014,4.42
20/11/2014,6.65
21/11/2014,6.22
22/11/2014,5.92
23/11/2014,7.16
24/11/2014,6.06
25/11/2014,3.93
26/11/2014,6.6
27/11/2014,4.89
28/11/2014,6.09
29/11/2014,7.0
30/11/2014,4.34
01/12/2014,4.28
02/12/2014,4.25
03/12/2014,5.73
04/12/2014,4.8
05/12/2014,5.9
06/12/2014,6.27
07/12/2014,4.57
08/12/2014,5.99
09/12/2014,4.77
10/12/2014,5.51
11/12/2014,6.89
12/12/2014,6.69
13/12/2014,4.2
14/12/2014,5.3
15/12/2014,4.81
16/12/2014,3.91
17/12/2014,6.44
18/12/2014,6.0
19/12/2014,4.76
20/12/2014,6.35
21/12/2014,5.72
22/12/2014,5.31
23/12/2014,3.93
24/12/2014,4.15
25/12/2014,6.81
26/12/2014,6.88
27/12/2014,5.7
28/12/2014,6.65
29/12/2014,5.82
30/12/2014,4.39
31/12/2014,4.32
01/01/2015,4.92
02/01/2015,6.87
03/01/2015,6.53
04/01/2015,6.74
05/01/2015,6.87
06/01/2015,4.59
07/01/2015,4.72
08/01/2015,4.24
09/01/2015,6.47
10/01/2015,6.82
11/01/2015,5.24
12/01/2015,5.95
13/01/2015,4.41
14/01/2015,6.97
15/01/2015,6.75
16/01/2015,7.12
17/01/2015,6.58
18/01/2015,6.81
19/01/2015,3.98
20/01/2015,6.33
21/01/2015,5.0
22/01/2015,6.97
23/01/2015,6.55
24/01/2015,6.75
25/01/2015,6.58
26/01/2015,4.78
27/01/2015,6.5
28/01/2015,4.26
29/01/2015,6.78
30/01/2015,6.73
31/01/2015,4.63
01/02/2015,6.59
02/02/2015,5.42
03/02/2015,4.91
04/02/2015,6.52
05/02/2015,4.65
06/02/2015,3.98
07/02/2015,4.54
08/02/2015,4.98
09/02/2015,6.75
10/02/2015,7.09
11/02/2015,4.82
12/02/2015,6.02
13/02/2015,5.22
14/02/2015,7.14
15/02/2015,5.67
16/02/2015,7.0
17/02/2015,4.28
18/02/2015,7.1
19/02/2015,4.49
20/02/2015,7.08
21/02/2015,4.78
22/02/2015,4.26
23/02/2015,5.33
24/02/2015,6.3
25/02/2015,4.94
26/02/2015,5.9
27/02/2015,5.59
28/02/2015,5.17
01/03/2015,5.8
02/03/2015,4.74
03/03/2015,6.24
04/03/2015,3.91
05/03/2015,6.95
06/03/2015,5.68
07/03/2015,6.27
08/03/2015,6.35
09/03/2015,6.11
10/03/2015,5.1
11/03/2015,4.13
12/03/2015,6.09
13/03/2015,4.99
14/03/2015,4.94
15/03/2015,6.7
16/03/2015,6.28
17/03/2015,4.89
18/03/2015,4.92
19/03/2015,5.25
20/03/2015,5.23
21/03/2015,4.88
22/03/2015,4.32
23/03/2015,5.29
24/03/2015,7.0
25/03/2015,6.14
26/03/2015,6.88
27/03/2015,5.93
28/03/2015,4.89
29/03/2015,5.71
30/03/2015,3.9
31/03/2015,4.85
01/04/2015,5.32
02/04/2015,5.81
03/04/2015,6.06
04/04/2015,5.43
05/04/2015,5.36
06/04/2015,4.61
07/04/2015,5.46
08/04/2015,6.87
09/04/2015,6.53
10/04/2015,4.46
11/04/2015,4.18
12/04/2015,5.6
13/04/2015,5.99
14/04/2015,5.01
15/04/2015,6.6
16/04/2015,6.38
17/04/2015,6.12
18/04/2015,4.64
19/04/2015,4.56
20/04/2015,3.98
21/04/2015,4.71
22/04/2015,5.47
23/04/2015,6.7
24/04/2015,4.14
25/04/2015,5.27
26/04/2015,5.98
27/04/2015,4.54
28/04/2015,6.2
29/04/2015,5.53
30/04/2015,4.71
01/05/2015,6.06
02/05/2015,3.92
03/05/2015,6.38
04/05/2015,6.44
05/05/2015,4.25
06/05/2015,5.3
07/05/2015,4.48
08/05/2015,7.06
09/05/2015,5.61
10/05/2015,4.07
11/05/2015,4.72
12/05/2015,6.7
13/05/2015,5.41
14/05/2015,6.54
15/05/2015,6.1
16/05/2015,7.16
17/05/2015,5.86
18/05/2015,7.04
19/05/2015,6.84
20/05/2015,5.92
21/05/2015,6.27
22/05/2015,5.57
23/05/2015,6.64
24/05/2015,5.71
25/05/2015,6.86
26/05/2015,6.35
27/05/2015,5.47
28/05/2015,4.76
29/05/2015,4.72
30/05/2015,6.0
31/05/2015,6.43
01/06/2015,5.62
02/06/2015,5.97
03/06/2015,4.81
04/06/2015,4.16
05/06/2015,4.84
06/06/2015,4.8
07/06/2015,4.96
08/06/2015,5.68
09/06/2015,4.36
10/06/2015,4.66
11/06/2015,6.19
12/06/2015,6.23
13/06/2015,4.11
14/06/2015,5.25
15/06/2015,5.69
16/06/2015,5.27
17/06/2015,4.58
18/06/2015,5.29
19/06/2015,6.89
20/06/2015,5.83
21/06/2015,6.2
22/06/2015,6.73
23/06/2015,6.43
24/06/2015,5.16
25/06/2015,3.92
26/06/2015,5.06
27/06/2015,6.39
28/06/2015,6.72
29/06/2015,7.05
30/06/2015,5.28
01/07/2015,6.37
02/07/2015,5.7
03/07/2015,5.89
04/07/2015,4.63
05/07/2015,4.62
06/07/2015,5.34
07/07/2015,4.0
08/07/2015,5.01
09/07/2015,6.14
10/07/2015,5.23
11/07/2015,4.44
12/07/2015,5.44
13/07/2015,4.32
14/07/2015,5.95
15/07/2015,3.99
16/07/2015,5.2
17/07/2015,5.76
18/07/2015,3.99
19/07/2015,6.02
20/07/2015,4.35
21/07/2015,5.42
22/07/2015,4.07
23/07/2015,5.15
24/07/2015,4.6
25/07/2015,4.98
26/07/2015,6.41
27/07/2015,5.15
28/07/2015,6.38
29/07/2015,6.65
30/07/2015,4.73
31/07/2015,4.17
01/08/2015,3.96
02/08/2015,5.68
03/08/2015,7.2
04/08/2015,5.05
05/08/2015,6.05
06/08/2015,6.48
07/08/2015,6.05
08/08/2015,6.39
09/08/2015,7.03
10/08/2015,4.56
11/08/2015,3.97
12/08/2015,4.4
13/08/2015,4.32
14/08/2015,6.11
15/08/2015,5.76
16/08/2015,4.62
17/08/2015,6.21
18/08/2015,6.43
19/08/2015,4.45
20/08/2015,5.9
21/08/2015,6.37
22/08/2015,4.28
23/08/2015,6.6
24/08/2015,7.08
25/08/2015,4.26
26/08/2015,3.98
27/08/2015,4.93
28/08/2015,6.14
29/08/2015,7.06
30/08/2015,5.21
31/08/2015,6.26
01/09/2015,4.15
02/09/2015,6.18
03/09/2015,5.97
04/09/2015,4.24
05/09/2015,6.45
06/09/2015,6.71
07/09/2015,5.88
08/09/2015,4.3
09/09/2015,7.15
10/09/2015,6.48
11/09/2015,5.05
12/09/2015,5.31
13/09/2015,5.12
14/09/2015,5.57
15/09/2015,5.03
16/09/2015,6.7
17/09/2015,6.61
18/09/2015,4.25
19/09/2015,7.07
20/09/2015,6.0
21/09/2015,6.63
22/09/2015,6.23
23/09/2015,5.34
24/09/2015,6.32
25/09/2015,7.09
26/09/2015,4.79
27/09/2015,6.57
28/09/2015,5.68
29/09/2015,5.5
30/09/2015,5.34
01/10/2015,6.31
02/10/2015,4.79
03/10/2015,6.71
04/10/2015,6.64
05/10/2015,4.19
06/10/2015,6.81
07/10/2015,4.7
08/10/2015,5.43
09/10/2015,5.91
10/10/2015,5.15
11/10/2015,3.99
12/10/2015,6.71
13/10/2015,4.5
14/10/2015,4.6
15/10/2015,6.53
16/10/2015,5.02
17/10/2015,6.81
18/10/2015,6.21
19/10/2015,4.81
20/10/2015,3.93
21/10/2015,7.03
22/10/2015,4.18
23/10/2015,6.28
24/10/2015,5.51
25/10/2015,6.4
26/10/2015,6.18
27/10/2015,6.03
28/10/2015,5.52
29/10/2015,6.52
30/10/2015,4.21
31/10/2015,4.63
01/11/2015,6.18
02/11/2015,4.91
03/11/2015,5.82
04/11/2015,5.46
05/11/2015,5.65
06/11/2015,5.3
07/11/2015,6.36
08/11/2015,4.99
09/11/2015,6.22
10/11/2015,4.79
11/11/2015,4.73
12/11/2015,4.3
13/11/2015,4.54
14/11/2015,4.29
15/11/2015,5.67
16/11/2015,6.42
17/11/2015,4.51
18/11/2015,4.61
19/11/2015,5.5
20/11/2015,6.29
21/11/2015,7.12
22/11/2015,5.63
23/11/2015,4.83
24/11/2015,4.23
25/11/2015,4.54
26/11/2015,4.65
27/11/2015,4.49
28/11/2015,3.95
29/11/2015,5.66
30/11/2015,4.81
01/12/2015,7.12
02/12/2015,5.73
03/12/2015,6.2
04/12/2015,4.32
05/12/2015,6.77
06/12/2015,5.52
07/12/2015,6.78
08/12/2015,5.79
09/12/2015,5.45
10/12/2015,5.35
11/12/2015,4.51
12/12/2015,4.07
13/12/2015,7.01
14/12/2015,5.48
15/12/2015,6.61
16/12/2015,5.22
17/12/2015,4.14
18/12/2015,5.98
19/12/2015,4.08
20/12/2015,4.39
21/12/2015,5.76
22/12/2015,4.9
23/12/2015,7.18
24/12/2015,4.29
25/12/2015,6.42
26/12/2015,5.9
27/12/2015,6.51
28/12/2015,4.64
29/12/2015,5.62
30/12/2015,5.39
31/12/2015,5.36
01/01/2016,6.74
02/01/2016,7.17
03/01/2016,4.91
04/01/2016,5.95
05/01/2016,5.91
06/01/2016,6.34
07/01/2016,7.03
08/01/2016,4.59
09/01/2016,4.6
10/01/2016,6.08
11/01/2016,4.42
12/01/2016,4.47
13/01/2016,4.15
14/01/2016,3.91
15/01/2016,5.39
16/01/2016,5.86
17/01/2016,4.86
18/01/2016,4.66
19/01/2016,6.23
20/01/2016,6.22
21/01/2016,5.4
22/01/2016,6.17
23/01/2016,6.95
24/01/2016,6.5
25/01/2016,5.96
26/01/2016,6.08
27/01/2016,6.98
28/01/2016,5.3
29/01/2016,5.7
30/01/2016,6.04
31/01/2016,6.9
01/02/2016,6.63
02/02/2016,4.14
03/02/2016,4.45
04/02/2016,4.92
05/02/2016,6.37
06/02/2016,5.78
07/02/2016,4.85
08/02/2016,4.31
09/02/2016,6.17
10/02/2016,6.21
11/02/2016,7.01
12/02/2016,5.55
13/02/2016,5.53
14/02/2016,4.17
15/02/2016,4.03
16/02/2016,5.33
17/02/2016,4.96
18/02/2016,4.73
19/02/2016,4.2
20/02/2016,7.07
21/02/2016,6.66
22/02/2016,5.8
23/02/2016,7.04
24/02/2016,7.2
25/02/2016,6.12
26/02/2016,4.79
27/02/2016,4.03
28/02/2016,6.4
29/02/2016,5.45
01/03/2016,6.05
02/03/2016,6.92
03/03/2016,4.5
04/03/2016,5.83
05/03/2016,5.99
06/03/2016,5.52
07/03/2016,4.2
08/03/2016,5.05
09/03/2016,5.0
10/03/2016,6.11
11/03/2016,6.73
12/03/2016,4.99
13/03/2016,6.19
14/03/2016,4.85
15/03/2016,7.02
16/03/2016,6.58
17/03/2016,5.72
18/03/2016,5.4
19/03/2016,4.94
20/03/2016,4.97
21/03/2016,7.1
22/03/2016,5.23
23/03/2016,5.6
24/03/2016,7.16
25/03/2016,6.07
26/03/2016,5.69
27/03/2016,5.26
28/03/2016,4.52
29/03/2016,5.09
30/03/2016,6.4
31/03/2016,5.96
01/04/2016,6.41
02/04/2016,4.57
03/04/2016,5.71
04/04/2016,6.96
05/04/2016,5.35
06/04/2016,6.2
07/04/2016,4.3
08/04/2016,7.11
09/04/2016,5.91
10/04/2016,4.69
11/04/2016,4.42
12/04/2016,5.72
13/04/2016,5.72
14/04/2016,4.21
15/04/2016,7.17
16/04/2016,6.91
17/04/2016,5.42
18/04/2016,4.29
19/04/2016,6.65
20/04/2016,5.54
21/04/2016,6.26
22/04/2016,5.58
23/04/2016,4.8
24/04/2016,6.65
25/04/2016,7.13
26/04/2016,4.7
27/04/2016,5.72
28/04/2016,5.17
29/04/2016,6.94
30/04/2016,5.58
01/05/2016,6.8
02/05/2016,6.75
03/05/2016,4.81
04/05/2016,6.51
05/05/2016,5.27
06/05/2016,6.98
07/05/2016,5.58
08/05/2016,6.61
09/05/2016,4.83
10/05/2016,4.89
11/05/2016,5.84
12/05/2016,7.2
13/05/2016,5.52
14/05/2016,4.39
15/05/2016,5.68
16/05/2016,5.04
17/05/2016,5.72
18/05/2016,5.69
19/05/2016,5.4
20/05/2016,4.96
21/05/2016,4.52
22/05/2016,6.2
23/05/2016,5.79
24/05/2016,4.67
25/05/2016,6.46
26/05/2016,4.04
27/05/2016,6.36
28/05/2016,6.23
29/05/2016,6.58
30/05/2016,5.17
31/05/2016,6.09
01/06/2016,6.61
02/06/2016,7.14
03/06/2016,5.53
04/06/2016,4.02
05/06/2016,5.56
06/06/2016,5.85
07/06/2016,6.77
08/06/2016,6.78
09/06/2016,5.35
10/06/2016,5.64
11/06/2016,5.41
12/06/2016,6.28
13/06/2016,5.25
14/06/2016,6.06
15/06/2016,4.41
16/06/2016,5.45
17/06/2016,7.1
18/06/2016,5.02
19/06/2016,6.19
20/06/2016,6.04
21/06/2016,6.71
22/06/2016,6.71
23/06/2016,6.74
24/06/2016,5.15
25/06/2016,4.94
26/06/2016,6.27
27/06/2016,6.41
28/06/2016,6.78
29/06/2016,4.02
30/06/2016,4.13
01/07/2016,5.98
02/07/2016,6.94
03/07/2016,7.19
04/07/2016,6.36
05/07/2016,5.33
06/07/2016,4.22
07/07/2016,5.99
08/07/2016,6.78
09/07/2016,5.36
10/07/2016,6.19
11/07/2016,6.88
12/07/2016,4.05
13/07/2016,6.53
14/07/2016,4.87
15/07/2016,5.14
16/07/2016,4.38
17/07/2016,5.65
18/07/2016,5.77
19/07/2016,6.52
20/07/2016,4.46
21/07/2016,4.16
22/07/2016,6.77
23/07/2016,5.95
24/07/2016,4.69
25/07/2016,6.91
26/07/2016,4.37
27/07/2016,5.42
28/07/2016,4.74
29/07/2016,4.74
30/07/2016,3.93
31/07/2016,6.56
01/08/2016,6.87
02/08/2016,6.14
03/08/2016,4.42
04/08/2016,5.36
05/08/2016,5.04
06/08/2016,5.84
07/08/2016,6.01
08/08/2016,5.3
09/08/2016,4.73
10/08/2016,6.69
11/08/2016,4.56
12/08/2016,5.17
13/08/2016,5.49
14/08/2016,4.68
15/08/2016,5.79
16/08/2016,5.8
17/08/2016,7.18
18/08/2016,4.87
19/08/2016,7.13
20/08/2016,6.07
21/08/2016,4.81
22/08/2016,5.77
23/08/2016,6.16
24/08/2016,6.36
25/08/2016,4.06
26/08/2016,5.9
27/08/2016,5.54
28/08/2016,6.88
29/08/2016,4.84
30/08/2016,6.54
31/08/2016,5.9
01/09/2016,5.06
02/09/2016,6.0
03/09/2016,5.95
04/09/2016,6.14
05/09/2016,6.28
06/09/2016,6.08
07/09/2016,6.67
08/09/2016,5.97
09/09/2016,6.88
10/09/2016,6.03
11/09/2016,4.92
12/09/2016,5.35
13/09/2016,5.81
14/09/2016,6.32
15/09/2016,4.2
16/09/2016,4.87
17/09/2016,6.37
18/09/2016,4.48
19/09/2016,4.34
20/09/2016,5.68
21/09/2016,7.11
22/09/2016,5.65
23/09/2016,6.91
24/09/2016,6.64
25/09/2016,4.75
26/09/2016,6.62
27/09/2016,5.49
28/09/2016,6.56
29/09/2016,6.36
30/09/2016,5.02
01/10/2016,4.28
02/10/2016,7.08
03/10/2016,4.36
04/10/2016,7.09
05/10/2016,6.74
06/10/2016,6.29
07/10/2016,7.13
08/10/2016,7.09
09/10/2016,6.56
10/10/2016,5.11
11/10/2016,6.51
12/10/2016,3.95
13/10/2016,5.67
14/10/2016,5.4
15/10/2016,6.12
16/10/2016,6.12
17/10/2016,5.83
18/10/2016,6.61
19/10/2016,7.0
20/10/2016,4.26
21/10/2016,4.67
22/10/2016,3.98
23/10/2016,6.82
24/10/2016,5.75
25/10/2016,6.92
26/10/2016,4.63
27/10/2016,4.11
28/10/2016,6.62
29/10/2016,6.9
30/10/2016,4.9
31/10/2016,5.25
01/11/2016,4.36
02/11/2016,7.02
03/11/2016,4.9
04/11/2016,5.53
05/11/2016,4.22
06/11/2016,6.83
07/11/2016,4.35
08/11/2016,5.4
09/11/2016,6.11
10/11/2016,6.35
11/11/2016,7.02
12/11/2016,5.28
13/11/2016,6.35
14/11/2016,4.41
15/11/2016,5.27
16/11/2016,4.23
17/11/2016,5.51
18/11/2016,5.25
19/11/2016,7.04
20/11/2016,4.01
21/11/2016,5.12
22/11/2016,5.36
23/11/2016,7.04
24/11/2016,6.72
25/11/2016,4.23
26/11/2016,6.16
27/11/2016,5.7
28/11/2016,7.13
29/11/2016,5.08
30/11/2016,5.21
01/12/2016,4.53
02/12/2016,4.3
03/12/2016,6.7
04/12/2016,5.4
05/12/2016,6.09
06/12/2016,6.02
07/12/2016,5.87
08/12/2016,3.97
09/12/2016,6.5
10/12/2016,4.7
11/12/2016,4.32
12/12/2016,5.76
13/12/2016,4.13
14/12/2016,6.43
15/12/2016,4.58
16/12/2016,4.61
17/12/2016,6.77
18/12/2016,4.98
19/12/2016,4.39
20/12/2016,6.87
21/12/2016,3.91
22/12/2016,6.73
23/12/2016,4.38
24/12/2016,4.33
25/12/2016,4.73
26/12/2016,4.48
27/12/2016,6.08
28/12/2016,3.99
29/12/2016,3.95
30/12/2016,6.51
31/12/2016,4.69
01/01/2017,4.97
02/01/2017,4.48
03/01/2017,4.07
04/01/2017,6.35
05/01/2017,5.64
06/01/2017,6.36
07/01/2017,5.47
08/01/2017,6.47
09/01/2017,5.59
10/01/2017,4.26
11/01/2017,5.56
12/01/2017,7.02
13/01/2017,4.04
14/01/2017,6.48
15/01/2017,6.76
16/01/2017,5.62
17/01/2017,5.41
18/01/2017,7.08
19/01/2017,4.1
20/01/2017,5.48
21/01/2017,5.23
22/01/2017,6.16
23/01/2017,5.52
24/01/2017,6.9
25/01/2017,4.14
26/01/2017,4.17
27/01/2017,5.91
28/01/2017,4.12
29/01/2017,4.81
30/01/2017,5.99
31/01/2017,5.71
01/02/2017,4.97
02/02/2017,7.18
03/02/2017,5.65
04/02/2017,5.4
05/02/2017,5.9
06/02/2017,4.23
07/02/2017,6.22
08/02/2017,6.71
09/02/2017,6.05
10/02/2017,6.44
11/02/2017,6.28
12/02/2017,4.61
13/02/2017,5.39
14/02/2017,4.65
15/02/2017,5.02
16/02/2017,5.4
17/02/2017,5.27
18/02/2017,4.21
19/02/2017,5.31
20/02/2017,6.09
21/02/2017,5.14
22/02/2017,4.4
23/02/2017,6.95
24/02/2017,4.12
25/02/2017,6.64
26/02/2017,4.21
27/02/2017,4.22
28/02/2017,6.34
01/03/2017,6.58
02/03/2017,5.74
03/03/2017,5.84
04/03/2017,5.75
05/03/2017,4.99
06/03/2017,4.3
07/03/2017,5.07
08/03/2017,6.1
09/03/2017,6.38
10/03/2017,6.76
11/03/2017,6.28
12/03/2017,7.1
13/03/2017,5.88
14/03/2017,5.06
15/03/2017,5.81
16/03/2017,4.6
17/03/2017,6.07
18/03/2017,4.64
19/03/2017,4.26
20/03/2017,6.69
21/03/2017,5.11
22/03/2017,6.42
23/03/2017,5.79
24/03/2017,6.56
25/03/2017,6.69
26/03/2017,7.12
27/03/2017,6.6
28/03/2017,5.92
29/03/2017,6.02
30/03/2017,3.99
31/03/2017,6.97
01/04/2017,6.64
02/04/2017,4.78
03/04/2017,4.5
04/04/2017,6.22
05/04/2017,4.92
06/04/2017,5.02
07/04/2017,3.92
08/04/2017,6.77
09/04/2017,5.77
10/04/2017,5.22
11/04/2017,4.37
12/04/2017,5.99
13/04/2017,4.0
14/04/2017,6.36
15/04/2017,4.61
16/04/2017,5.29
17/04/2017,5.02
18/04/2017,5.12
19/04/2017,6.28
20/04/2017,6.46
21/04/2017,5.77
22/04/2017,4.18
23/04/2017,4.07
24/04/2017,4.42
25/04/2017,5.94
26/04/2017,6.12
27/04/2017,4.8
28/04/2017,6.08
29/04/2017,5.5
30/04/2017,5.36
01/05/2017,4.8
02/05/2017,6.39
03/05/2017,4.28
04/05/2017,5.32
05/05/2017,4.83
06/05/2017,6.14
07/05/2017,5.51
08/05/2017,6.1
09/05/2017,4.05
10/05/2017,5.2
11/05/2017,5.88
12/05/2017,3.93
13/05/2017,4.89
14/05/2017,4.6
15/05/2017,4.35
16/05/2017,4.74
17/05/2017,4.98
18/05/2017,3.93
19/05/2017,6.37
20/05/2017,4.48
21/05/2017,5.15
22/05/2017,6.22
23/05/2017,5.55
24/05/2017,6.65
25/05/2017,6.56
26/05/2017,4.14
27/05/2017,6.74
28/05/2017,4.04
29/05/2017,3.96
30/05/2017,6.94
31/05/2017,6.74
01/06/2017,5.8
02/06/2017,5.79
03/06/2017,6.24
04/06/2017,5.28
05/06/2017,4.28
06/06/2017,3.97
07/06/2017,4.97
08/06/2017,6.54
09/06/2017,5.94
10/06/2017,6.65
11/06/2017,6.94
12/06/2017,4.19
13/06/2017,6.69
14/06/2017,4.7
15/06/2017,5.84
16/06/2017,5.63
17/06/2017,5.21
18/06/2017,4.92
19/06/2017,5.02
20/06/2017,5.0
21/06/2017,4.45
22/06/2017,5.58
23/06/2017,4.28
24/06/2017,5.58
25/06/2017,6.89
26/06/2017,5.05
27/06/2017,6.3
28/06/2017,6.6
29/06/2017,6.59
30/06/2017,4.68
01/07/2017,4.38
02/07/2017,4.55
03/07/2017,5.89
04/07/2017,6.41
05/07/2017,6.06
06/07/2017,4.48
07/07/2017,6.45
08/07/2017,5.53
09/07/2017,6.39
10/07/2017,6.41
11/07/2017,5.38
12/07/2017,6.95
13/07/2017,5.76
14/07/2017,6.0
15/07/2017,5.96
16/07/2017,6.75
17/07/2017,5.97
18/07/2017,4.4
19/07/2017,4.13
20/07/2017,5.36
21/07/2017,4.9
22/07/2017,4.81
23/07/2017,4.09
24/07/2017,5.57
25/07/2017,4.92
26/07/2017,5.39
27/07/2017,4.09
28/07/2017,6.64
29/07/2017,4.15
30/07/2017,6.75
31/07/2017,6.72
01/08/2017,5.93
02/08/2017,5.57
03/08/2017,5.43
04/08/2017,5.73
05/08/2017,6.51
06/08/2017,6.86
07/08/2017,5.38
08/08/2017,6.57
09/08/2017,6.05
10/08/2017,4.96
11/08/2017,5.47
12/08/2017,4.4
13/08/2017,4.1
14/08/2017,4.24
15/08/2017,6.87
16/08/2017,5.03
17/08/2017,6.26
18/08/2017,5.57
19/08/2017,4.47
20/08/2017,4.72
21/08/2017,5.34
22/08/2017,5.35
23/08/2017,5.63
24/08/2017,4.42
25/08/2017,5.13
26/08/2017,4.83
27/08/2017,5.25
28/08/2017,5.02
29/08/2017,5.87
30/08/2017,6.5
31/08/2017,6.04
01/09/2017,4.12
02/09/2017,4.21
03/09/2017,6.14
04/09/2017,4.84
05/09/2017,6.29
06/09/2017,6.07
07/09/2017,6.89
08/09/2017,6.78
09/09/2017,5.0
10/09/2017,5.82
11/09/2017,4.37
12/09/2017,5.05
13/09/2017,7.09
14/09/2017,6.2
15/09/2017,5.19
16/09/2017,5.86
17/09/2017,7.0
18/09/2017,4.92
19/09/2017,5.14
20/09/2017,6.51
21/09/2017,6.58
22/09/2017,6.11
23/09/2017,6.64
24/09/2017,6.34
25/09/2017,6.16
26/09/2017,5.64
27/09/2017,6.03
28/09/2017,5.3
29/09/2017,5.09
30/09/2017,5.1
01/10/2017,4.49
02/10/2017,4.61
03/10/2017,7.03
04/10/2017,5.5
05/10/2017,4.65
06/10/2017,4.35
07/10/2017,4.15
08/10/2017,6.69
09/10/2017,4.23
10/10/2017,6.44
11/10/2017,6.66
12/10/2017,6.82
13/10/2017,4.02
14/10/2017,5.01
15/10/2017,6.43
16/10/2017,4.33
17/10/2017,5.14
18/10/2017,4.44
19/10/2017,6.64
20/10/2017,6.44
21/10/2017,6.57
22/10/2017,4.45
23/10/2017,5.34
24/10/2017,5.26
25/10/2017,6.13
26/10/2017,4.68
27/10/2017,5.37
28/10/2017,4.84
29/10/2017,6.37
30/10/2017,5.38
31/10/2017,5.66
01/11/2017,4.92
02/11/2017,6.57
03/11/2017,5.45
04/11/2017,6.66
05/11/2017,5.11
06/11/2017,7.03
07/11/2017,7.15
08/11/2017,5.42
09/11/2017,4.83
10/11/2017,5.16
11/11/2017,5.64
12/11/2017,7.09
13/11/2017,6.6
14/11/2017,6.54
15/11/2017,4.36
16/11/2017,4.73
17/11/2017,6.02
18/11/2017,6.78
19/11/2017,5.73
20/11/2017,4.24
21/11/2017,6.69
22/11/2017,6.71
23/11/2017,4.84
24/11/2017,6.42
25/11/2017,4.8
26/11/2017,6.89
27/11/2017,4.39
28/11/2017,5.34
29/11/2017,7.02
30/11/2017,4.63
01/12/2017,5.39
02/12/2017,5.05
03/12/2017,3.99
04/12/2017,4.08
05/12/2017,5.56
06/12/2017,4.68
07/12/2017,7.18
08/12/2017,5.14
09/12/2017,3.99
10/12/2017,6.97
11/12/2017,6.67
12/12/2017,6.04
13/12/2017,6.51
14/12/2017,4.35
15/12/2017,4.85
16/12/2017,6.64
17/12/2017,6.2
18/12/2017,4.36
19/12/2017,6.23
20/12/2017,5.38
21/12/2017,3.92
22/12/2017,4.16
23/12/2017,4.74
24/12/2017,6.66
25/12/2017,5.71
26/12/2017,6.3
27/12/2017,5.64
28/12/2017,4.27
29/12/2017,4.85
30/12/2017,4.89
31/12/2017,4.06
01/01/2018,5.29
02/01/2018,6.52
03/01/2018,5.41
04/01/2018,4.27
05/01/2018,6.89
06/01/2018,5.87
07/01/2018,3.95
08/01/2018,5.6
09/01/2018,4.7
10/01/2018,4.37
11/01/2018,5.32
12/01/2018,5.93
13/01/2018,4.69
14/01/2018,5.27
15/01/2018,6.09
16/01/2018,4.18
17/01/2018,7.12
18/01/2018,4.12
19/01/2018,5.64
20/01/2018,5.57
21/01/2018,7.16
22/01/2018,5.73
23/01/2018,5.19
24/01/2018,5.45
25/01/2018,6.0
26/01/2018,7.14
27/01/2018,4.74
28/01/2018,3.95
29/01/2018,6.5
30/01/2018,5.04
31/01/2018,6.32
01/02/2018,5.97
02/02/2018,6.45
03/02/2018,6.33
04/02/2018,5.0
05/02/2018,4.05
06/02/2018,5.7
07/02/2018,6.58
08/02/2018,4.48
09/02/2018,6.47
10/02/2018,5.43
11/02/2018,6.19
12/02/2018,5.98
13/02/2018,6.58
14/02/2018,4.11
15/02/2018,6.46
16/02/2018,5.41
17/02/2018,4.87
18/02/2018,4.04
19/02/2018,4.56
20/02/2018,4.04
21/02/2018,6.98
22/02/2018,5.6
23/02/2018,7.16
24/02/2018,5.69
25/02/2018,4.74
26/02/2018,6.39
27/02/2018,4.53
28/02/2018,5.08
01/03/2018,6.48
02/03/2018,6.76
03/03/2018,5.0
04/03/2018,4.31
05/03/2018,5.11
06/03/2018,6.84
07/03/2018,6.35
08/03/2018,6.85
09/03/2018,5.18
10/03/2018,7.11
11/03/2018,5.54
12/03/2018,5.54
13/03/2018,6.95
14/03/2018,5.61
15/03/2018,6.54
16/03/2018,6.3
17/03/2018,4.16
18/03/2018,5.89
19/03/2018,6.61
20/03/2018,5.7
21/03/2018,4.96
22/03/2018,4.16
23/03/2018,6.08
24/03/2018,4.91
25/03/2018,5.89
26/03/2018,5.31
27/03/2018,6.18
28/03/2018,5.06
29/03/2018,4.04
30/03/2018,6.77
31/03/2018,5.06
01/04/2018,7.19
02/04/2018,4.81
03/04/2018,7.13
04/04/2018,7.03
05/04/2018,4.15
06/04/2018,6.0
07/04/2018,5.1
08/04/2018,6.54
09/04/2018,6.14
10/04/2018,7.04
11/04/2018,4.37
12/04/2018,5.9
13/04/2018,6.48
14/04/2018,4.01
15/04/2018,4.12
16/04/2018,6.47
17/04/2018,5.11
18/04/2018,5.16
19/04/2018,5.77
20/04/2018,5.9
21/04/2018,6.14
22/04/2018,7.03
23/04/2018,5.13
24/04/2018,6.42
25/04/2018,5.79
26/04/2018,5.65
27/04/2018,5.21
28/04/2018,6.04
29/04/2018,4.72
30/04/2018,4.27
01/05/2018,6.33
02/05/2018,5.55
03/05/2018,5.18
04/05/2018,5.75
05/05/2018,4.76
06/05/2018,4.76
07/05/2018,5.37
08/05/2018,7.19
09/05/2018,4.84
10/05/2018,6.92
11/05/2018,5.52
12/05/2018,4.3
13/05/2018,6.71
14/05/2018,5.39
15/05/2018,6.87
16/05/2018,5.37
17/05/2018,4.19
18/05/2018,6.15
19/05/2018,6.69
20/05/2018,4.95
21/05/2018,5.05
22/05/2018,4.11
23/05/2018,5.69
24/05/2018,6.84
25/05/2018,6.71
26/05/2018,6.25
27/05/2018,6.96
28/05/2018,6.0
29/05/2018,6.52
30/05/2018,5.58
31/05/2018,4.3
01/06/2018,4.56
02/06/2018,4.36
03/06/2018,6.51
04/06/2018,3.99
05/06/2018,5.73
06/06/2018,5.12
07/06/2018,6.55
08/06/2018,5.72
09/06/2018,5.92
10/06/2018,4.18
11/06/2018,4.92
12/06/2018,7.2
13/06/2018,6.27
14/06/2018,5.63
15/06/2018,6.44
16/06/2018,6.62
17/06/2018,4.14
18/06/2018,7.11
19/06/2018,6.02
20/06/2018,5.38
21/06/2018,6.14
22/06/2018,5.04
23/06/2018,6.8
24/06/2018,6.47
25/06/2018,6.01
26/06/2018,4.5
27/06/2018,7.09
28/06/2018,5.33
29/06/2018,6.91
30/06/2018,4.08
01/07/2018,4.31
02/07/2018,4.4
03/07/2018,4.44
04/07/2018,4.96
05/07/2018,6.24
06/07/2018,5.04
07/07/2018,7.0
08/07/2018,6.85
09/07/2018,6.69
10/07/2018,4.73
11/07/2018,6.0
12/07/2018,5.72
13/07/2018,4.31
14/07/2018,4.9
15/07/2018,5.66
16/07/2018,5.56
17/07/2018,4.46
18/07/2018,7.01
19/07/2018,4.41
20/07/2018,6.07
21/07/2018,6.28
22/07/2018,5.9
23/07/2018,6.68
24/07/2018,5.76
25/07/2018,6.62
26/07/2018,3.99
27/07/2018,4.05
28/07/2018,6.02
29/07/2018,5.8
30/07/2018,6.05
31/07/2018,6.43
01/08/2018,5.27
02/08/2018,6.01
03/08/2018,5.54
04/08/2018,5.97
05/08/2018,4.86
06/08/2018,7.06
07/08/2018,5.49
08/08/2018,6.56
09/08/2018,6.16
10/08/2018,4.88
11/08/2018,4.14
12/08/2018,4.1
13/08/2018,5.35
14/08/2018,5.5
15/08/2018,4.57
16/08/2018,5.9
17/08/2018,4.93
18/08/2018,6.27
19/08/2018,6.32
20/08/2018,6.74
21/08/2018,7.12
22/08/2018,4.33
23/08/2018,5.12
24/08/2018,5.75
25/08/2018,4.95
26/08/2018,5.44
27/08/2018,4.78
28/08/2018,4.72
29/08/2018,4.22
30/08/2018,4.86
31/08/2018,5.17
01/09/2018,5.93
02/09/2018,4.72
03/09/2018,6.76
04/09/2018,4.43
05/09/2018,4.98
06/09/2018,5.81
07/09/2018,4.93
08/09/2018,6.42
09/09/2018,5.54
10/09/2018,5.6
11/09/2018,5.55
12/09/2018,4.92
13/09/2018,3.98
14/09/2018,7.02
15/09/2018,5.57
16/09/2018,7.09
17/09/2018,4.61
18/09/2018,5.06
19/09/2018,4.07
20/09/2018,5.53
21/09/2018,6.81
22/09/2018,6.06
23/09/2018,5.45
24/09/2018,5.67
25/09/2018,6.7
26/09/2018,5.32
27/09/2018,6.81
28/09/2018,6.3
29/09/2018,6.42
30/09/2018,5.11
01/10/2018,5.22
02/10/2018,5.78
03/10/2018,4.54
04/10/2018,5.73
05/10/2018,4.14
06/10/2018,5.56
07/10/2018,6.42
08/10/2018,4.82
09/10/2018,7.16
10/10/2018,6.15
11/10/2018,4.29
12/10/2018,7.12
13/10/2018,5.2
14/10/2018,6.52
15/10/2018,5.02
16/10/2018,7.0
17/10/2018,6.39
18/10/2018,4.56
19/10/2018,5.58
20/10/2018,5.55
21/10/2018,4.05
22/10/2018,4.35
23/10/2018,5.0
24/10/2018,5.46
25/10/2018,5.41
26/10/2018,5.9
27/10/2018,5.6
28/10/2018,4.98
29/10/2018,5.92
30/10/2018,4.44
31/10/2018,7.17
01/11/2018,6.34
02/11/2018,4.89
03/11/2018,5.01
04/11/2018,6.63
05/11/2018,5.66
06/11/2018,6.24
07/11/2018,4.89
08/11/2018,6.59
09/11/2018,5.12
10/11/2018,6.12
11/11/2018,7.13
12/11/2018,5.83
13/11/2018,6.53
14/11/2018,6.29
15/11/2018,6.17
16/11/2018,3.99
17/11/2018,5.47
18/11/2018,7.09
19/11/2018,6.48
20/11/2018,6.46
21/11/2018,5.81
22/11/2018,6.28
23/11/2018,5.83
24/11/2018,4.46
25/11/2018,5.98
26/11/2018,5.95
27/11/2018,6.68
28/11/2018,4.39
29/11/2018,6.15
30/11/2018,4.0
01/12/2018,7.03
02/12/2018,4.26
03/12/2018,3.96
04/12/2018,4.94
05/12/2018,4.4
06/12/2018,6.18
07/12/2018,5.25
08/12/2018,6.46
09/12/2018,6.94
10/12/2018,6.78
11/12/2018,6.33
12/12/2018,4.11
13/12/2018,4.36
14/12/2018,4.58
15/12/2018,4.97
16/12/2018,6.09
17/12/2018,5.63
18/12/2018,4.94
19/12/2018,4.47
20/12/2018,6.91
21/12/2018,5.03
22/12/2018,5.07
23/12/2018,6.45
24/12/2018,6.28
25/12/2018,6.02
26/12/2018,6.19
27/12/2018,5.91
28/12/2018,4.53
29/12/2018,4.71
30/12/2018,5.74
31/12/2018,4.64
01/01/2019,7.11
02/01/2019,4.88
03/01/2019,4.85
04/01/2019,4.58
05/01/2019,6.23
06/01/2019,4.95
07/01/2019,5.05
08/01/2019,6.98
09/01/2019,6.52
10/01/2019,4.8
11/01/2019,4.3
12/01/2019,6.13
13/01/2019,5.15
14/01/2019,7.13
15/01/2019,6.6
16/01/2019,7.05
17/01/2019,6.56
18/01/2019,4.86
19/01/2019,4.85
20/01/2019,6.26
21/01/2019,5.04
22/01/2019,5.36
23/01/2019,4.75
24/01/2019,5.48
25/01/2019,4.57
26/01/2019,5.68
27/01/2019,6.98
28/01/2019,6.2
29/01/2019,4.35
30/01/2019,5.93
31/01/2019,5.84
01/02/2019,4.7
02/02/2019,6.11
03/02/2019,5.65
04/02/2019,6.01
05/02/2019,4.07
06/02/2019,5.26
07/02/2019,6.27
08/02/2019,4.23
09/02/2019,6.44
10/02/2019,3.92
11/02/2019,5.72
12/02/2019,6.97
13/02/2019,5.24
14/02/2019,6.99
15/02/2019,6.8
16/02/2019,5.48
17/02/2019,4.56
18/02/2019,7.08
19/02/2019,4.96
20/02/2019,6.03
21/02/2019,6.9
22/02/2019,4.2
23/02/2019,5.79
24/02/2019,5.67
25/02/2019,6.29
26/02/2019,6.99
27/02/2019,6.91
28/02/2019,4.48
01/03/2019,6.81
02/03/2019,4.48
03/03/2019,6.93
04/03/2019,7.19
05/03/2019,5.21
06/03/2019,5.53
07/03/2019,6.99
08/03/2019,7.08
09/03/2019,6.96
10/03/2019,6.79
11/03/2019,3.93
12/03/2019,5.77
13/03/2019,4.25
14/03/2019,7.14
15/03/2019,4.84
16/03/2019,7.16
17/03/2019,5.69
18/03/2019,5.53
19/03/2019,7.0
20/03/2019,6.71
21/03/2019,5.44
22/03/2019,4.54
23/03/2019,4.27
24/03/2019,4.44
25/03/2019,5.41
26/03/2019,4.75
27/03/2019,4.51
28/03/2019,6.33
29/03/2019,6.51
30/03/2019,5.77
31/03/2019,6.4
01/04/2019,4.48
02/04/2019,6.73
03/04/2019,6.86
04/04/2019,6.63
05/04/2019,5.6
06/04/2019,4.19
07/04/2019,6.11
08/04/2019,4.51
09/04/2019,4.36
10/04/2019,4.97
11/04/2019,4.72
12/04/2019,4.76
13/04/2019,4.68
14/04/2019,6.39
15/04/2019,7.05
16/04/2019,4.9
17/04/2019,6.29
18/04/2019,3.94
19/04/2019,6.06
20/04/2019,6.19
21/04/2019,4.11
22/04/2019,4.29
23/04/2019,4.91
24/04/2019,5.24
25/04/2019,5.56
26/04/2019,6.85
27/04/2019,6.22
28/04/2019,4.93
29/04/2019,4.29
30/04/2019,6.92
01/05/2019,4.87
02/05/2019,5.93
03/05/2019,4.62
04/05/2019,4.34
05/05/2019,4.41
06/05/2019,6.37
07/05/2019,5.9
08/05/2019,5.27
09/05/2019,5.71
10/05/2019,5.45
11/05/2019,5.67
12/05/2019,6.09
13/05/2019,4.62
14/05/2019,4.72
15/05/2019,6.39
16/05/2019,6.78
17/05/2019,4.17
18/05/2019,5.37
19/05/2019,6.22
20/05/2019,4.16
21/05/2019,5.76
22/05/2019,4.1
23/05/2019,5.71
24/05/2019,5.57
25/05/2019,5.79
26/05/2019,4.39
27/05/2019,4.98
28/05/2019,5.62
29/05/2019,4.28
30/05/2019,4.58
31/05/2019,5.82
01/06/2019,4.2
02/06/2019,5.58
03/06/2019,6.57
04/06/2019,5.4
05/06/2019,5.59
06/06/2019,5.41
07/06/2019,4.09
08/06/2019,5.43
09/06/2019,6.56
10/06/2019,6.29
11/06/2019,5.21
12/06/2019,6.59
13/06/2019,6.36
14/06/2019,5.81
15/06/2019,4.05
16/06/2019,5.04
17/06/2019,4.11
18/06/2019,7.18
19/06/2019,6.98
20/06/2019,4.13
21/06/2019,6.98
22/06/2019,4.0
23/06/2019,5.25
24/06/2019,6.44
25/06/2019,6.43
26/06/2019,7.13
27/06/2019,6.03
28/06/2019,5.29
29/06/2019,7.18
30/06/2019,5.16
01/07/2019,6.77
02/07/2019,6.89
03/07/2019,5.14
04/07/2019,6.15
05/07/2019,6.08
06/07/2019,5.68
07/07/2019,6.06
08/07/2019,5.05
09/07/2019,4.49
10/07/2019,5.67
11/07/2019,5.65
12/07/2019,6.3
13/07/2019,4.63
14/07/2019,3.91
15/07/2019,3.98
16/07/2019,4.88
17/07/2019,6.12
18/07/2019,5.7
19/07/2019,5.66
20/07/2019,6.62
21/07/2019,4.72
22/07/2019,5.04
23/07/2019,4.81
24/07/2019,6.99
25/07/2019,6.29
26/07/2019,4.27
27/07/2019,6.57
28/07/2019,5.28
29/07/2019,6.43
30/07/2019,6.82
31/07/2019,3.95
01/08/2019,4.58
02/08/2019,4.23
03/08/2019,4.01
04/08/2019,5.87
05/08/2019,6.22
06/08/2019,4.06
07/08/2019,6.34
08/08/2019,5.23
09/08/2019,4.67
10/08/2019,4.62
11/08/2019,6.75
12/08/2019,4.09
13/08/2019,5.56
14/08/2019,4.85
15/08/2019,6.59
16/08/2019,6.31
17/08/2019,4.95
18/08/2019,5.87
19/08/2019,6.12
20/08/2019,4.96
21/08/2019,4.9
22/08/2019,4.37
23/08/2019,6.08
24/08/2019,4.63
25/08/2019,4.89
26/08/2019,4.1
27/08/2019,7.03
28/08/2019,6.8
29/08/2019,6.91
30/08/2019,5.97
31/08/2019,5.31
01/09/2019,5.54
02/09/2019,7.11
03/09/2019,7.01
04/09/2019,6.12
05/09/2019,6.49
06/09/2019,4.95
07/09/2019,5.27
08/09/2019,4.39
09/09/2019,5.14
10/09/2019,6.39
11/09/2019,5.46
12/09/2019,6.7
13/09/2019,4.89
14/09/2019,6.24
15/09/2019,6.56
16/09/2019,6.92
17/09/2019,5.76
18/09/2019,7.09
19/09/2019,5.74
20/09/2019,4.34
21/09/2019,4.7
22/09/2019,4.57
23/09/2019,6.03
24/09/2019,6.94
25/09/2019,6.7
26/09/2019,4.21
27/09/2019,6.29
28/09/2019,4.53
29/09/2019,4.79
30/09/2019,6.12
01/10/2019,5.89
02/10/2019,6.78
03/10/2019,4.52
04/10/2019,6.41
05/10/2019,6.29
06/10/2019,5.74
07/10/2019,5.48
08/10/2019,6.77
09/10/2019,5.0
10/10/2019,7.06
11/10/2019,3.95
12/10/2019,6.99
13/10/2019,7.07
14/10/2019,4.29
15/10/2019,7.2
16/10/2019,5.48
17/10/2019,4.7
18/10/2019,5.89
19/10/2019,4.57
20/10/2019,6.92
21/10/2019,5.72
22/10/2019,6.46
23/10/2019,5.16
24/10/2019,5.66
25/10/2019,5.09
26/10/2019,4.76
27/10/2019,5.59
28/10/2019,5.54
29/10/2019,4.23
30/10/2019,7.14
31/10/2019,5.45
01/11/2019,6.67
02/11/2019,6.92
03/11/2019,5.12
04/11/2019,5.27
05/11/2019,5.76
06/11/2019,4.63
07/11/2019,4.38
08/11/2019,4.76
09/11/2019,6.98
10/11/2019,5.81
11/11/2019,5.28
12/11/2019,4.4
13/11/2019,4.99
14/11/2019,5.15
15/11/2019,6.65
16/11/2019,5.55
17/11/2019,6.06
18/11/2019,6.16
19/11/2019,4.75
20/11/2019,6.61
21/11/2019,7.09
22/11/2019,6.02
23/11/2019,5.52
24/11/2019,4.46
25/11/2019,6.52
26/11/2019,4.46
27/11/2019,6.28
28/11/2019,5.51
29/11/2019,6.93
30/11/2019,5.69
01/12/2019,6.02
02/12/2019,4.09
03/12/2019,4.01
04/12/2019,6.69
05/12/2019,7.02
06/12/2019,6.11
07/12/2019,6.42
08/12/2019,5.26
09/12/2019,6.68
10/12/2019,4.66
11/12/2019,6.23
12/12/2019,3.93
13/12/2019,5.57
14/12/2019,5.13
15/12/2019,5.94
16/12/2019,6.1
17/12/2019,5.93
18/12/2019,5.49
19/12/2019,5.51
20/12/2019,3.92
21/12/2019,5.72
22/12/2019,3.94
23/12/2019,5.65
24/12/2019,4.81
25/12/2019,7.13
26/12/2019,3.96
27/12/2019,6.58
28/12/2019,6.12
29/12/2019,6.56
30/12/2019,6.9
31/12/2019,4.25
01/01/2020,4.22
02/01/2020,4.39
03/01/2020,4.53
04/01/2020,5.64
05/01/2020,6.59
06/01/2020,4.78
07/01/2020,5.21
08/01/2020,5.13
09/01/2020,5.24
10/01/2020,5.76
11/01/2020,7.17
12/01/2020,4.65
13/01/2020,6.16
14/01/2020,6.7
15/01/2020,6.06
16/01/2020,6.73
17/01/2020,6.41
18/01/2020,4.21
19/01/2020,5.15
20/01/2020,5.72
21/01/2020,4.09
22/01/2020,3.93
23/01/2020,4.47
24/01/2020,5.55
25/01/2020,5.33
26/01/2020,6.49
27/01/2020,5.77
28/01/2020,6.73
29/01/2020,4.21
30/01/2020,5.64
31/01/2020,4.04
01/02/2020,4.6
02/02/2020,6.76
03/02/2020,6.83
04/02/2020,5.47
05/02/2020,4.05
06/02/2020,4.15
07/02/2020,6.95
08/02/2020,6.87
09/02/2020,5.76
10/02/2020,4.01
11/02/2020,6.96
12/02/2020,4.94
13/02/2020,7.07
14/02/2020,5.84
15/02/2020,6.38
16/02/2020,6.25
17/02/2020,5.21
18/02/2020,4.15
19/02/2020,4.44
20/02/2020,4.69
21/02/2020,6.65
22/02/2020,5.18
23/02/2020,6.86
24/02/2020,4.99
25/02/2020,6.39
26/02/2020,4.36
27/02/2020,7.16
28/02/2020,6.29
29/02/2020,5.55
01/03/2020,7.12
02/03/2020,4.08
03/03/2020,5.34
04/03/2020,6.67
05/03/2020,5.02
06/03/2020,6.44
07/03/2020,7.05
08/03/2020,5.21
09/03/2020,6.45
10/03/2020,4.0
11/03/2020,4.8
12/03/2020,7.18
13/03/2020,5.52
14/03/2020,5.07
15/03/2020,7.01
16/03/2020,5.33
17/03/2020,6.14
18/03/2020,6.08
19/03/2020,4.18
20/03/2020,5.94
21/03/2020,6.53
22/03/2020,6.25
23/03/2020,4.17
24/03/2020,4.41
25/03/2020,6.25
26/03/2020,5.99
27/03/2020,6.34
28/03/2020,4.95
29/03/2020,4.25
30/03/2020,3.92
31/03/2020,4.92
01/04/2020,5.09
02/04/2020,4.79
03/04/2020,4.34
04/04/2020,4.52
05/04/2020,5.38
06/04/2020,5.73
07/04/2020,5.25
08/04/2020,3.99
09/04/2020,5.07
10/04/2020,4.21
11/04/2020,5.87
12/04/2020,4.97
13/04/2020,5.17
14/04/2020,4.86
15/04/2020,5.18
16/04/2020,4.18
17/04/2020,6.87
18/04/2020,6.89
19/04/2020,7.13
20/04/2020,5.79
21/04/2020,4.46
22/04/2020,5.16
23/04/2020,4.36
24/04/2020,4.89
25/04/2020,5.53
26/04/2020,4.11
27/04/2020,5.33
28/04/2020,5.29
29/04/2020,5.5
30/04/2020,4.15
01/05/2020,4.73
02/05/2020,4.71
03/05/2020,5.96
04/05/2020,5.86
05/05/2020,4.55
06/05/2020,4.25
07/05/2020,4.91
08/05/2020,7.03
09/05/2020,5.0
10/05/2020,5.95
11/05/2020,6.55
12/05/2020,4.99
13/05/2020,5.0
14/05/2020,6.59
15/05/2020,6.74
16/05/2020,7.11
17/05/2020,4.35
18/05/2020,4.96
19/05/2020,7.03
20/05/2020,4.56
21/05/2020,4.94
22/05/2020,7.08
23/05/2020,7.1
24/05/2020,4.86
25/05/2020,6.19
26/05/2020,5.52
27/05/2020,5.8
28/05/2020,4.7
29/05/2020,5.14
30/05/2020,6.59
31/05/2020,5.2
01/06/2020,4.28
02/06/2020,5.76
03/06/2020,5.85
04/06/2020,5.7
05/06/2020,6.15
06/06/2020,5.72
07/06/2020,7.04
08/06/2020,5.42
09/06/2020,6.24
10/06/2020,5.35
11/06/2020,4.86
12/06/2020,6.19
13/06/2020,6.6
14/06/2020,6.53
15/06/2020,5.25
16/06/2020,5.55
17/06/2020,5.99
18/06/2020,4.7
19/06/2020,6.07
20/06/2020,6.26
21/06/2020,6.5
22/06/2020,4.14
23/06/2020,7.17
24/06/2020,5.48
25/06/2020,5.22
26/06/2020,5.57
27/06/2020,6.94
28/06/2020,6.18
29/06/2020,5.69
30/06/2020,6.51
01/07/2020,5.09
02/07/2020,6.86
03/07/2020,5.67
04/07/2020,6.01
05/07/2020,4.18
06/07/2020,6.44
07/07/2020,6.07
08/07/2020,5.07
09/07/2020,6.04
10/07/2020,4.05
11/07/2020,7.15
12/07/2020,6.14
13/07/2020,5.22
14/07/2020,6.38
15/07/2020,7.09
16/07/2020,5.32
17/07/2020,3.93
18/07/2020,4.75
19/07/2020,5.59
20/07/2020,5.61
21/07/2020,5.82
22/07/2020,5.8
23/07/2020,5.37
24/07/2020,5.19
25/07/2020,6.45
26/07/2020,5.84
27/07/2020,5.55
28/07/2020,5.04
29/07/2020,3.98
30/07/2020,4.25
31/07/2020,5.27
01/08/2020,7.07
02/08/2020,4.28
03/08/2020,7.0
04/08/2020,4.37
05/08/2020,4.93
06/08/2020,5.4
07/08/2020,4.58
08/08/2020,5.49
09/08/2020,5.47
10/08/2020,5.35
11/08/2020,6.2
12/08/2020,4.95
13/08/2020,4.89
14/08/2020,6.57
15/08/2020,4.28
16/08/2020,6.7
17/08/2020,6.04
18/08/2020,6.13
19/08/2020,4.44
20/08/2020,7.15
21/08/2020,4.7
22/08/2020,4.48
23/08/2020,4.43
24/08/2020,5.75
25/08/2020,7.06
26/08/2020,4.67
27/08/2020,5.24
28/08/2020,4.51
29/08/2020,6.01
30/08/2020,5.33
31/08/2020,4.0
01/09/2020,5.93
02/09/2020,4.55
03/09/2020,5.85
04/09/2020,5.18
05/09/2020,6.23
06/09/2020,4.58
07/09/2020,6.38
08/09/2020,6.57
09/09/2020,4.11
10/09/2020,4.24
11/09/2020,6.78
12/09/2020,4.52
13/09/2020,4.98
14/09/2020,5.41
15/09/2020,4.77
16/09/2020,6.75
17/09/2020,5.64
18/09/2020,6.01
19/09/2020,5.87
20/09/2020,5.92
21/09/2020,5.84
22/09/2020,5.05
23/09/2020,6.69
24/09/2020,5.94
25/09/2020,6.59
26/09/2020,6.23
27/09/2020,4.88
28/09/2020,5.93
29/09/2020,4.18
30/09/2020,4.34
01/10/2020,4.29
02/10/2020,4.91
03/10/2020,4.5
04/10/2020,6.19
05/10/2020,5.59
06/10/2020,5.28
07/10/2020,4.35
08/10/2020,5.17
09/10/2020,4.51
10/10/2020,6.0
11/10/2020,6.19
12/10/2020,6.03
13/10/2020,7.2
14/10/2020,5.73
15/10/2020,5.52
16/10/2020,4.36
17/10/2020,4.94
18/10/2020,5.39
19/10/2020,4.08
20/10/2020,5.08
21/10/2020,3.93
22/10/2020,4.35
23/10/2020,6.59
24/10/2020,7.08
25/10/2020,5.57
26/10/2020,5.53
27/10/2020,6.16
28/10/2020,5.27
29/10/2020,6.67
30/10/2020,5.51
31/10/2020,4.17
01/11/2020,4.0
02/11/2020,6.41
03/11/2020,4.86
04/11/2020,4.81
05/11/2020,5.67
06/11/2020,4.46
07/11/2020,5.41
08/11/2020,6.35
09/11/2020,6.43
10/11/2020,5.71
11/11/2020,4.27
12/11/2020,4.28
13/11/2020,6.46
14/11/2020,6.62
15/11/2020,5.11
16/11/2020,6.61
17/11/2020,4.04
18/11/2020,6.27
19/11/2020,5.7
20/11/2020,7.17
21/11/2020,4.24
22/11/2020,6.64
23/11/2020,6.38
24/11/2020,4.88
25/11/2020,7.2
26/11/2020,5.38
27/11/2020,5.05
28/11/2020,6.6
29/11/2020,5.35
30/11/2020,7.18
01/12/2020,6.46
02/12/2020,4.68
03/12/2020,6.58
04/12/2020,5.84
05/12/2020,5.06
06/12/2020,6.25
07/12/2020,5.99
08/12/2020,4.45
09/12/2020,4.36
10/12/2020,4.58
11/12/2020,4.58
12/12/2020,4.1
13/12/2020,5.06
14/12/2020,4.83
15/12/2020,5.68
16/12/2020,4.97
17/12/2020,6.22
18/12/2020,4.85
19/12/2020,4.78
20/12/2020,6.73
21/12/2020,7.15
22/12/2020,6.14
23/12/2020,4.21
24/12/2020,7.08
25/12/2020,6.49
26/12/2020,6.93
27/12/2020,7.18
28/12/2020,6.76
29/12/2020,4.32
30/12/2020,6.76
31/12/2020,4.72
01/01/2021,6.25
02/01/2021,6.63
03/01/2021,6.41
04/01/2021,6.13
05/01/2021,5.52
06/01/2021,5.81
07/01/2021,4.79
08/01/2021,5.27
09/01/2021,5.39
10/01/2021,5.99
11/01/2021,6.8
12/01/2021,4.21
13/01/2021,5.6
14/01/2021,4.82
15/01/2021,6.99
16/01/2021,5.12
17/01/2021,7.04
18/01/2021,4.98
19/01/2021,3.91
20/01/2021,6.45
21/01/2021,6.32
22/01/2021,6.31
23/01/2021,5.41
24/01/2021,6.09
25/01/2021,5.08
26/01/2021,4.11
27/01/2021,5.66
28/01/2021,4.62
29/01/2021,5.32
30/01/2021,4.6
31/01/2021,4.79
01/02/2021,6.63
02/02/2021,5.01
03/02/2021,5.81
04/02/2021,5.77
05/02/2021,5.5
06/02/2021,5.03
07/02/2021,6.15
08/02/2021,4.06
09/02/2021,4.23
10/02/2021,6.49
11/02/2021,5.42
12/02/2021,4.31
13/02/2021,6.73
14/02/2021,5.36
15/02/2021,3.9
16/02/2021,7.06
17/02/2021,4.57
18/02/2021,6.17
19/02/2021,4.34
20/02/2021,6.04
21/02/2021,4.42
22/02/2021,6.98
23/02/2021,4.8
24/02/2021,6.06
25/02/2021,4.73
26/02/2021,5.13
27/02/2021,6.88
28/02/2021,4.45
01/03/2021,5.21
02/03/2021,4.91
03/03/2021,6.21
04/03/2021,4.67
05/03/2021,6.06
06/03/2021,6.22
07/03/2021,3.9
08/03/2021,5.47
09/03/2021,4.34
10/03/2021,4.65
11/03/2021,6.14
12/03/2021,3.93
13/03/2021,6.2
14/03/2021,6.6
15/03/2021,7.16
16/03/2021,5.29
17/03/2021,4.34
18/03/2021,4.13
19/03/2021,5.16
20/03/2021,6.31
21/03/2021,4.24
22/03/2021,4.93
23/03/2021,6.81
24/03/2021,4.35
25/03/2021,6.45
26/03/2021,6.39
27/03/2021,4.34
28/03/2021,7.18
29/03/2021,4.37
30/03/2021,5.65
31/03/2021,3.93
01/04/2021,6.05
02/04/2021,5.35
03/04/2021,6.28
04/04/2021,5.97
05/04/2021,4.4
06/04/2021,5.26
07/04/2021,6.17
08/04/2021,6.74
09/04/2021,4.19
10/04/2021,4.23
11/04/2021,6.38
12/04/2021,5.85
13/04/2021,5.17
14/04/2021,7.08
15/04/2021,4.94
16/04/2021,4.36
17/04/2021,4.81
18/04/2021,4.18
19/04/2021,5.73
20/04/2021,5.88
21/04/2021,5.91
22/04/2021,6.47
23/04/2021,6.18
24/04/2021,6.7
25/04/2021,6.07
26/04/2021,4.9
27/04/2021,5.61
28/04/2021,5.58
29/04/2021,6.37
30/04/2021,4.88
01/05/2021,4.08
02/05/2021,6.86
03/05/2021,7.05
04/05/2021,5.53
05/05/2021,4.27
06/05/2021,5.55
07/05/2021,5.86
08/05/2021,5.64
09/05/2021,7.13
10/05/2021,7.16
11/05/2021,6.98
12/05/2021,4.34
13/05/2021,6.74
14/05/2021,5.78
15/05/2021,5.11
16/05/2021,6.15
17/05/2021,6.42
18/05/2021,7.05
19/05/2021,6.44
20/05/2021,3.96
21/05/2021,4.12
22/05/2021,4.77
23/05/2021,4.03
24/05/2021,4.1
25/05/2021,6.5
26/05/2021,5.57
27/05/2021,5.97
28/05/2021,5.55
29/05/2021,5.27
30/05/2021,6.22
31/05/2021,4.17
01/06/2021,5.67
02/06/2021,5.93
03/06/2021,4.82
04/06/2021,4.92
05/06/2021,5.59
06/06/2021,4.57
07/06/2021,6.57
08/06/2021,5.67
09/06/2021,5.19
10/06/2021,5.99
11/06/2021,6.65
12/06/2021,6.15
13/06/2021,4.12
14/06/2021,6.21
15/06/2021,6.31
16/06/2021,6.69
17/06/2021,4.09
18/06/2021,4.18
19/06/2021,5.33
20/06/2021,5.4
21/06/2021,5.91
22/06/2021,4.92
23/06/2021,6.35
24/06/2021,6.34
25/06/2021,4.29
26/06/2021,6.24
27/06/2021,6.21
28/06/2021,4.44
29/06/2021,7.04
30/06/2021,5.63
01/07/2021,6.48
02/07/2021,6.28
03/07/2021,4.45
04/07/2021,4.32
05/07/2021,6.48
06/07/2021,4.79
07/07/2021,6.83
08/07/2021,6.45
09/07/2021,4.0
10/07/2021,6.56
11/07/2021,4.8
12/07/2021,4.11
13/07/2021,6.25
14/07/2021,5.8
15/07/2021,4.15
16/07/2021,5.4
17/07/2021,5.09
18/07/2021,5.55
19/07/2021,5.77
20/07/2021,5.11
21/07/2021,4.74
22/07/2021,4.24
23/07/2021,5.79
24/07/2021,6.29
25/07/2021,4.65
26/07/2021,5.58
27/07/2021,4.05
28/07/2021,6.75
29/07/2021,4.71
30/07/2021,5.46
31/07/2021,5.16
01/08/2021,4.4
02/08/2021,6.97
03/08/2021,6.73
04/08/2021,5.72
05/08/2021,6.92
06/08/2021,6.34
07/08/2021,5.28
08/08/2021,4.96
09/08/2021,5.27
10/08/2021,6.28
11/08/2021,4.8
12/08/2021,4.16
13/08/2021,5.13
14/08/2021,5.56
15/08/2021,6.88
16/08/2021,4.49
17/08/2021,6.55
18/08/2021,7.14
19/08/2021,7.05
20/08/2021,4.13
21/08/2021,5.43
22/08/2021,4.83
23/08/2021,6.69
24/08/2021,4.98
25/08/2021,5.73
26/08/2021,3.93
27/08/2021,4.56
28/08/2021,5.76
29/08/2021,4.9
30/08/2021,5.95
31/08/2021,5.43
01/09/2021,5.85
02/09/2021,5.53
03/09/2021,6.45
04/09/2021,4.54
05/09/2021,6.87
06/09/2021,6.41
07/09/2021,4.71
08/09/2021,3.92
09/09/2021,5.25
10/09/2021,4.67
11/09/2021,5.04
12/09/2021,6.67
13/09/2021,6.79
14/09/2021,7.04
15/09/2021,3.9
16/09/2021,6.07
17/09/2021,6.7
18/09/2021,6.3
19/09/2021,4.24
20/09/2021,5.65
21/09/2021,4.69
22/09/2021,5.52
23/09/2021,4.1
24/09/2021,7.19
25/09/2021,6.25
26/09/2021,4.21
27/09/2021,6.94
28/09/2021,6.86
29/09/2021,5.62
30/09/2021,6.21
01/10/2021,5.13
02/10/2021,7.12
03/10/2021,4.18
04/10/2021,4.22
05/10/2021,4.34
06/10/2021,6.61
07/10/2021,4.15
08/10/2021,5.77
09/10/2021,5.34
10/10/2021,7.08
11/10/2021,4.68
12/10/2021,4.76
13/10/2021,4.94
14/10/2021,6.54
15/10/2021,6.21
16/10/2021,6.33
17/10/2021,4.95
18/10/2021,4.8
19/10/2021,4.15
20/10/2021,4.57
21/10/2021,6.47
22/10/2021,5.83
23/10/2021,4.41
24/10/2021,4.44
25/10/2021,5.44
26/10/2021,5.24
27/10/2021,5.67
28/10/2021,7.08
29/10/2021,4.59
30/10/2021,4.92
31/10/2021,4.77
01/11/2021,4.3
02/11/2021,4.42
03/11/2021,6.16
04/11/2021,6.63
05/11/2021,6.2
06/11/2021,4.03
07/11/2021,6.66
08/11/2021,4.98
09/11/2021,4.2
10/11/2021,4.72
11/11/2021,5.07
12/11/2021,5.59
13/11/2021,6.13
14/11/2021,4.76
15/11/2021,7.17
16/11/2021,4.0
17/11/2021,5.23
18/11/2021,5.39
19/11/2021,6.37
20/11/2021,4.72
21/11/2021,5.42
22/11/2021,6.55
23/11/2021,4.36
24/11/2021,3.94
25/11/2021,6.64
26/11/2021,7.14
27/11/2021,4.33
28/11/2021,6.62
29/11/2021,5.13
30/11/2021,5.98
01/12/2021,6.03
02/12/2021,5.82
03/12/2021,4.75
04/12/2021,6.58
05/12/2021,3.97
06/12/2021,4.11
07/12/2021,6.88
08/12/2021,5.36
09/12/2021,4.33
10/12/2021,6.89
11/12/2021,6.64
12/12/2021,4.99
13/12/2021,4.04
14/12/2021,5.42
15/12/2021,4.45
16/12/2021,5.79
17/12/2021,6.61
18/12/2021,5.2
19/12/2021,4.0
20/12/2021,6.15
21/12/2021,4.47
22/12/2021,4.61
23/12/2021,4.52
24/12/2021,4.82
25/12/2021,6.82
26/12/2021,4.01
27/12/2021,5.94
28/12/2021,4.71
29/12/2021,4.87
30/12/2021,5.26
31/12/2021,5.72
01/01/2022,4.1
02/01/2022,4.82
03/01/2022,4.35
04/01/2022,4.56
05/01/2022,6.82
06/01/2022,5.64
07/01/2022,5.98
08/01/2022,6.55
09/01/2022,6.52
10/01/2022,7.17
11/01/2022,6.48
12/01/2022,5.09
13/01/2022,5.7
14/01/2022,5.5
15/01/2022,6.91
16/01/2022,5.56
17/01/2022,5.18
18/01/2022,4.49
19/01/2022,4.95
20/01/2022,4.62
21/01/2022,6.86
22/01/2022,6.47
23/01/2022,4.09
24/01/2022,7.17
25/01/2022,5.65
26/01/2022,6.43
27/01/2022,7.2
28/01/2022,7.11
29/01/2022,4.23
30/01/2022,6.07
31/01/2022,4.78
01/02/2022,6.59
02/02/2022,6.93
03/02/2022,4.08
04/02/2022,7.19
05/02/2022,4.62
06/02/2022,6.69
07/02/2022,6.53
08/02/2022,5.07
09/02/2022,6.67
10/02/2022,6.69
11/02/2022,4.48
12/02/2022,5.86
13/02/2022,6.56
14/02/2022,6.2
15/02/2022,6.92
16/02/2022,3.99
17/02/2022,6.21
18/02/2022,7.03
19/02/2022,5.76
20/02/2022,5.76
21/02/2022,4.52
22/02/2022,7.16
23/02/2022,6.81
24/02/2022,5.52
25/02/2022,4.92
26/02/2022,5.52
27/02/2022,4.2
28/02/2022,4.67
01/03/2022,4.62
02/03/2022,5.64
03/03/2022,3.9
04/03/2022,6.93
05/03/2022,4.56
06/03/2022,4.33
07/03/2022,6.27
08/03/2022,6.93
09/03/2022,6.69
10/03/2022,4.97
11/03/2022,3.97
12/03/2022,5.84
13/03/2022,6.93
14/03/2022,6.46
15/03/2022,6.69
16/03/2022,6.74
17/03/2022,7.07
18/03/2022,5.13
19/03/2022,7.01
20/03/2022,5.21
21/03/2022,4.23
22/03/2022,4.9
23/03/2022,4.35
24/03/2022,4.42
25/03/2022,7.03
26/03/2022,6.51
27/03/2022,7.07
28/03/2022,6.04
29/03/2022,4.47
30/03/2022,7.1
31/03/2022,6.19
01/04/2022,6.97
02/04/2022,6.5
03/04/2022,4.64
04/04/2022,5.84
05/04/2022,4.48
06/04/2022,4.91
07/04/2022,6.17
08/04/2022,4.32
09/04/2022,6.31
10/04/2022,7.03
11/04/2022,7.03
12/04/2022,5.19
13/04/2022,7.18
14/04/2022,7.09
15/04/2022,4.01
16/04/2022,5.89
17/04/2022,6.94
18/04/2022,7.09
19/04/2022,4.63
20/04/2022,5.77
21/04/2022,6.99
22/04/2022,4.36
23/04/2022,6.36
24/04/2022,4.69
25/04/2022,7.14
26/04/2022,4.45
27/04/2022,6.82
28/04/2022,4.19
29/04/2022,6.24
30/04/2022,6.01
01/05/2022,6.83
02/05/2022,5.37
03/05/2022,4.78
04/05/2022,4.72
05/05/2022,4.12
06/05/2022,4.75
07/05/2022,4.26
08/05/2022,3.9
09/05/2022,5.17
10/05/2022,6.32
11/05/2022,7.1
12/05/2022,6.82
13/05/2022,5.53
14/05/2022,5.15
15/05/2022,5.7
16/05/2022,4.23
17/05/2022,5.48
18/05/2022,6.75
19/05/2022,6.05
20/05/2022,6.17
21/05/2022,4.44
22/05/2022,4.14
23/05/2022,6.69
24/05/2022,4.87
25/05/2022,4.95
26/05/2022,7.04
27/05/2022,4.14
28/05/2022,4.46
29/05/2022,5.14
30/05/2022,6.32
31/05/2022,5.71
01/06/2022,6.86
02/06/2022,4.21
03/06/2022,5.86
04/06/2022,5.93
05/06/2022,5.49
06/06/2022,4.0
07/06/2022,7.01
08/06/2022,4.44
09/06/2022,6.84
10/06/2022,4.42
11/06/2022,4.23
12/06/2022,4.58
13/06/2022,4.53
14/06/2022,6.2
15/06/2022,6.28
16/06/2022,6.31
17/06/2022,4.78
18/06/2022,4.83
19/06/2022,4.68
20/06/2022,4.06
21/06/2022,5.79
22/06/2022,6.67
23/06/2022,4.41
24/06/2022,5.09
25/06/2022,5.31
26/06/2022,4.87
27/06/2022,6.08
28/06/2022,5.88
29/06/2022,4.56
30/06/2022,3.98
01/07/2022,4.46
02/07/2022,4.86
03/07/2022,4.17
04/07/2022,6.68
05/07/2022,4.92
06/07/2022,5.21
07/07/2022,5.51
08/07/2022,6.08
09/07/2022,4.2
10/07/2022,5.7
11/07/2022,4.51
12/07/2022,6.82
13/07/2022,5.12
14/07/2022,5.37
15/07/2022,4.77
16/07/2022,5.43
17/07/2022,4.65
18/07/2022,4.79
19/07/2022,4.1
20/07/2022,6.38
21/07/2022,6.1
22/07/2022,4.18
23/07/2022,5.03
24/07/2022,5.69
25/07/2022,7.1
26/07/2022,5.85
27/07/2022,5.73
28/07/2022,6.67
29/07/2022,6.6
30/07/2022,5.28
31/07/2022,5.67
01/08/2022,6.76
02/08/2022,5.47
03/08/2022,6.81
04/08/2022,5.47
05/08/2022,4.16
06/08/2022,6.88
07/08/2022,6.26
08/08/2022,5.56
09/08/2022,6.87
10/08/2022,6.54
11/08/2022,6.14
12/08/2022,5.95
13/08/2022,4.3
14/08/2022,6.4
15/08/2022,4.47
16/08/2022,7.15
17/08/2022,7.11
18/08/2022,6.57
19/08/2022,4.32
20/08/2022,5.3
21/08/2022,7.16
22/08/2022,5.34
23/08/2022,7.19
24/08/2022,5.97
25/08/2022,6.65
26/08/2022,4.75
27/08/2022,6.91
28/08/2022,6.92
29/08/2022,4.12
30/08/2022,5.18
31/08/2022,5.21
01/09/2022,4.98
02/09/2022,4.81
03/09/2022,5.41
04/09/2022,6.78
05/09/2022,6.5
06/09/2022,5.96
07/09/2022,5.62
08/09/2022,5.28
09/09/2022,5.27
10/09/2022,4.39
11/09/2022,5.84
12/09/2022,6.4
13/09/2022,7.0
14/09/2022,6.95
15/09/2022,5.76
16/09/2022,4.23
17/09/2022,4.84
18/09/2022,5.67
19/09/2022,5.03
20/09/2022,5.26
21/09/2022,5.16
22/09/2022,5.5
23/09/2022,5.91
24/09/2022,4.02
25/09/2022,4.81
26/09/2022,4.37
27/09/2022,5.91
28/09/2022,6.19
29/09/2022,4.03
30/09/2022,6.84
01/10/2022,4.99
02/10/2022,4.68
03/10/2022,6.36
04/10/2022,6.94
05/10/2022,6.86
06/10/2022,3.97
07/10/2022,6.6
08/10/2022,4.9
09/10/2022,4.83
10/10/2022,5.52
11/10/2022,6.2
12/10/2022,4.22
13/10/2022,6.77
14/10/2022,4.34
15/10/2022,7.11
16/10/2022,5.36
17/10/2022,6.63
18/10/2022,4.79
19/10/2022,5.28
20/10/2022,6.03
21/10/2022,4.52
22/10/2022,4.6
23/10/2022,6.62
24/10/2022,6.35
25/10/2022,6.41
26/10/2022,6.76
27/10/2022,6.61
28/10/2022,5.6
29/10/2022,4.42
30/10/2022,4.93
31/10/2022,5.57
01/11/2022,4.35
02/11/2022,6.71
03/11/2022,6.8
04/11/2022,4.0
05/11/2022,4.54
06/11/2022,6.65
07/11/2022,6.66
08/11/2022,4.72
09/11/2022,5.41
10/11/2022,6.93
11/11/2022,6.23
12/11/2022,4.8
13/11/2022,6.62
14/11/2022,5.57
15/11/2022,6.0
16/11/2022,4.31
17/11/2022,4.0
18/11/2022,5.13
19/11/2022,5.86
20/11/2022,4.49
21/11/2022,6.77
22/11/2022,5.84
23/11/2022,5.05
24/11/2022,4.44
25/11/2022,6.85
26/11/2022,6.37
27/11/2022,6.17
28/11/2022,4.84
29/11/2022,5.18
30/11/2022,4.44
01/12/2022,5.79
02/12/2022,7.08
03/12/2022,6.73
04/12/2022,6.04
05/12/2022,6.14
06/12/2022,4.79
07/12/2022,5.25
08/12/2022,3.97
09/12/2022,6.48
10/12/2022,6.43
11/12/2022,3.93
12/12/2022,6.91
13/12/2022,6.04
14/12/2022,5.88
15/12/2022,3.93
16/12/2022,4.73
17/12/2022,6.56
18/12/2022,4.91
19/12/2022,7.09
20/12/2022,6.02
21/12/2022,5.3
22/12/2022,5.14
23/12/2022,5.05
24/12/2022,4.73
25/12/2022,5.44
26/12/2022,6.13
27/12/2022,6.62
28/12/2022,5.21
29/12/2022,4.24
30/12/2022,5.59
31/12/2022,6.09
01/01/2023,6.68
02/01/2023,5.13
03/01/2023,6.04
04/01/2023,5.91
05/01/2023,4.88
06/01/2023,4.26
07/01/2023,4.11
08/01/2023,7.16
09/01/2023,6.01
10/01/2023,6.74
11/01/2023,4.76
12/01/2023,6.25
13/01/2023,6.84
14/01/2023,4.89
15/01/2023,4.39
16/01/2023,6.43
17/01/2023,6.87
18/01/2023,6.56
19/01/2023,6.55
20/01/2023,5.88
21/01/2023,6.08
22/01/2023,6.15
23/01/2023,6.28
24/01/2023,6.06
25/01/2023,7.19
26/01/2023,4.76
27/01/2023,5.28
28/01/2023,5.18
29/01/2023,4.02
30/01/2023,6.24
31/01/2023,5.79
01/02/2023,4.53
02/02/2023,6.3
03/02/2023,4.63
04/02/2023,5.66
05/02/2023,6.49
06/02/2023,6.89
07/02/2023,6.12
08/02/2023,5.57
09/02/2023,6.69
10/02/2023,6.67
11/02/2023,6.79
12/02/2023,4.5
13/02/2023,4.22
14/02/2023,4.32
15/02/2023,4.75
16/02/2023,6.57
17/02/2023,6.42
18/02/2023,4.5
19/02/2023,6.14
20/02/2023,5.01
21/02/2023,4.19
22/02/2023,5.07
23/02/2023,6.36
24/02/2023,4.91
25/02/2023,6.5
26/02/2023,4.99
27/02/2023,4.76
28/02/2023,4.87
01/03/2023,6.71
02/03/2023,5.45
03/03/2023,6.76
04/03/2023,5.83
05/03/2023,7.02
06/03/2023,4.14
07/03/2023,6.84
08/03/2023,5.55
09/03/2023,6.76
10/03/2023,5.16
11/03/2023,4.88
12/03/2023,4.08
13/03/2023,6.72
14/03/2023,4.35
15/03/2023,4.56
16/03/2023,5.25
17/03/2023,5.78
18/03/2023,6.89
19/03/2023,5.41
20/03/2023,4.94
21/03/2023,6.26
22/03/2023,6.47
23/03/2023,5.51
24/03/2023,5.98
25/03/2023,4.48
26/03/2023,5.99
27/03/2023,3.92
28/03/2023,4.8
29/03/2023,6.41
30/03/2023,4.46
31/03/2023,6.42
01/04/2023,5.52
02/04/2023,6.42
03/04/2023,4.19
04/04/2023,5.93
05/04/2023,5.99
06/04/2023,5.23
07/04/2023,7.09
08/04/2023,5.16
09/04/2023,4.02
10/04/2023,4.56
11/04/2023,5.13
12/04/2023,3.95
13/04/2023,4.96
14/04/2023,6.65
15/04/2023,4.53
16/04/2023,6.13
17/04/2023,5.97
18/04/2023,4.72
19/04/2023,6.19
20/04/2023,5.04
21/04/2023,4.33
22/04/2023,5.17
23/04/2023,5.84
24/04/2023,4.45
25/04/2023,6.62
26/04/2023,4.88
27/04/2023,4.86
28/04/2023,6.3
29/04/2023,5.87
30/04/2023,5.01
01/05/2023,6.83
02/05/2023,7.19
03/05/2023,5.03
04/05/2023,6.87
05/05/2023,5.09
06/05/2023,4.52
07/05/2023,7.03
08/05/2023,6.93
09/05/2023,5.23
10/05/2023,4.65
11/05/2023,6.3
12/05/2023,4.33
13/05/2023,6.32
14/05/2023,5.85
15/05/2023,4.46
16/05/2023,5.11
17/05/2023,6.05
18/05/2023,4.02
19/05/2023,6.79
20/05/2023,4.74
21/05/2023,5.66
22/05/2023,4.06
23/05/2023,7.18
24/05/2023,6.08
25/05/2023,6.06
26/05/2023,3.97
27/05/2023,6.18
28/05/2023,5.28
29/05/2023,5.15
30/05/2023,5.71
31/05/2023,5.47
01/06/2023,4.41
02/06/2023,6.19
03/06/2023,5.98
04/06/2023,4.89
05/06/2023,6.08
06/06/2023,6.09
07/06/2023,4.79
08/06/2023,5.9
09/06/2023,4.35
10/06/2023,6.64
11/06/2023,4.25
12/06/2023,6.27
13/06/2023,4.29
14/06/2023,4.28
15/06/2023,4.25
16/06/2023,4.56
17/06/2023,4.56
18/06/2023,4.77
19/06/2023,5.63
20/06/2023,4.57
21/06/2023,6.22
22/06/2023,4.87
23/06/2023,4.03
24/06/2023,5.54
25/06/2023,4.59
26/06/2023,6.98
27/06/2023,4.99
28/06/2023,3.91
29/06/2023,6.12
30/06/2023,6.89
01/07/2023,6.66
02/07/2023,6.11
03/07/2023,4.39
04/07/2023,4.2
05/07/2023,5.59
06/07/2023,6.29
07/07/2023,4.23
08/07/2023,4.74
09/07/2023,4.66
10/07/2023,7.16
11/07/2023,4.88
12/07/2023,5.43
13/07/2023,4.23
14/07/2023,4.48
15/07/2023,4.03
16/07/2023,4.86
17/07/2023,6.55
18/07/2023,4.93
19/07/2023,6.34
20/07/2023,4.21
21/07/2023,6.4
22/07/2023,4.05
23/07/2023,6.71
24/07/2023,6.09
25/07/2023,4.46
26/07/2023,5.08
27/07/2023,5.34
28/07/2023,5.95
29/07/2023,6.8
30/07/2023,4.21
31/07/2023,6.59
01/08/2023,4.5
02/08/2023,5.22
03/08/2023,7.08
04/08/2023,4.8
05/08/2023,5.17
06/08/2023,6.71
07/08/2023,6.54
08/08/2023,6.04
09/08/2023,6.53
10/08/2023,4.27
11/08/2023,6.2
12/08/2023,4.09
13/08/2023,7.01
14/08/2023,4.43
15/08/2023,5.27
16/08/2023,5.85
17/08/2023,6.55
18/08/2023,6.14
19/08/2023,4.5
20/08/2023,5.15
21/08/2023,5.08
22/08/2023,4.0
23/08/2023,6.16
24/08/2023,6.67
25/08/2023,7.11
26/08/2023,4.33
27/08/2023,6.94
28/08/2023,4.27
29/08/2023,5.26
30/08/2023,4.05
31/08/2023,4.76
01/09/2023,4.94
02/09/2023,6.23
03/09/2023,6.14
04/09/2023,6.43
05/09/2023,5.8
06/09/2023,5.76
07/09/2023,7.13
08/09/2023,6.11
09/09/2023,5.02
10/09/2023,5.63
11/09/2023,6.21
12/09/2023,4.21
13/09/2023,6.08
14/09/2023,4.72
15/09/2023,5.04
16/09/2023,6.13
17/09/2023,5.17
18/09/2023,6.67
19/09/2023,5.74
20/09/2023,7.16
21/09/2023,4.08
22/09/2023,6.02
23/09/2023,4.42
24/09/2023,6.7
25/09/2023,6.71
26/09/2023,6.77
27/09/2023,4.15
28/09/2023,5.52
29/09/2023,4.69
30/09/2023,7.1
01/10/2023,4.07
02/10/2023,4.63
03/10/2023,6.02
04/10/2023,5.23
05/10/2023,4.68
06/10/2023,5.42
07/10/2023,6.54
08/10/2023,5.38
09/10/2023,6.73
10/10/2023,5.38
11/10/2023,4.29
12/10/2023,5.54
13/10/2023,6.06
14/10/2023,4.24
15/10/2023,5.26
16/10/2023,5.74
17/10/2023,3.9
18/10/2023,4.2
19/10/2023,5.89
20/10/2023,5.94
21/10/2023,4.91
22/10/2023,5.58
23/10/2023,4.58
24/10/2023,6.12
25/10/2023,7.04
26/10/2023,5.1
27/10/2023,4.08
28/10/2023,4.64
29/10/2023,5.4
30/10/2023,5.75
31/10/2023,5.95
01/11/2023,5.46
02/11/2023,6.07
03/11/2023,6.26
04/11/2023,4.28
05/11/2023,6.41
06/11/2023,4.63
07/11/2023,5.03
08/11/2023,6.64
09/11/2023,7.08
10/11/2023,4.86
11/11/2023,5.62
12/11/2023,6.22
13/11/2023,4.05
14/11/2023,4.44
15/11/2023,4.36
16/11/2023,6.27
17/11/2023,6.28
18/11/2023,4.25
19/11/2023,5.92
20/11/2023,4.52
21/11/2023,6.97
22/11/2023,5.2
23/11/2023,5.41
24/11/2023,6.48
25/11/2023,6.27
26/11/2023,4.26
27/11/2023,5.27
28/11/2023,6.96
29/11/2023,6.66
30/11/2023,5.84
01/12/2023,6.45
02/12/2023,5.39
03/12/2023,6.07
04/12/2023,7.06
05/12/2023,4.34
06/12/2023,5.55
07/12/2023,5.65
08/12/2023,4.06
09/12/2023,6.99
10/12/2023,6.67
11/12/2023,5.49
12/12/2023,5.58
13/12/2023,6.94
14/12/2023,4.48
15/12/2023,5.81
16/12/2023,6.31
17/12/2023,4.32
18/12/2023,5.18
19/12/2023,5.88
20/12/2023,6.81
21/12/2023,5.56
22/12/2023,5.17
23/12/2023,7.13
24/12/2023,6.92
25/12/2023,6.42
26/12/2023,4.8
27/12/2023,7.08
28/12/2023,7.1
29/12/2023,5.39
30/12/2023,4.34
31/12/2023,5.26
01/01/2024,6.21
02/01/2024,6.37
03/01/2024,4.89
04/01/2024,6.21
05/01/2024,6.74
06/01/2024,6.25
07/01/2024,6.99
08/01/2024,5.99
09/01/2024,4.56
10/01/2024,5.96
11/01/2024,4.86
12/01/2024,5.04
13/01/2024,6.12
14/01/2024,7.14
15/01/2024,6.05
16/01/2024,7.06
17/01/2024,5.56
18/01/2024,6.19
19/01/2024,4.96
20/01/2024,4.28
21/01/2024,5.06
22/01/2024,5.49
23/01/2024,5.78
24/01/2024,6.1
25/01/2024,5.28
26/01/2024,6.37
27/01/2024,6.68
28/01/2024,4.84
29/01/2024,6.7
30/01/2024,6.57
31/01/2024,5.63
01/02/2024,3.98
02/02/2024,4.38
03/02/2024,6.11
04/02/2024,4.56
05/02/2024,6.38
06/02/2024,4.43
07/02/2024,4.85
08/02/2024,4.73
09/02/2024,6.67
10/02/2024,6.18
11/02/2024,4.87
12/02/2024,6.39
13/02/2024,4.01
14/02/2024,6.59
15/02/2024,4.24
16/02/2024,6.76
17/02/2024,6.34
18/02/2024,6.75
19/02/2024,6.35
20/02/2024,5.75
21/02/2024,4.68
22/02/2024,6.49
23/02/2024,6.54
24/02/2024,4.85
25/02/2024,6.09
26/02/2024,6.96
27/02/2024,5.18
28/02/2024,7.06
29/02/2024,7.12
